address,type,balance
34xp4vRoCGJym3xR7yCVPFHoCNxv4Twseo,scripthash,17984245067410
35hK24tcLEWcgNA4JxpvbkNkoAcDGqQPsP,scripthash,15100113066122
3CgKHXR17eh2xCj2RGnHJHTDjPpqaNDgyT,scripthash,11185824585401
37XuVSEpWW4trkfmvWzegTHQt7BdktSKUs,scripthash,9450576862072
183hmJGRuTEi2YDCWy5iozY8rZtFwVgahM,pubkeyhash,8594734898577
1FeexV6bAHb8ybZjqQMjJrcCrHGW9sb6uF,pubkeyhash,7995720099431
3D2oetdNuZUqQHPJmcMDDHYoqkyNVsFk9r,scripthash,7689310189206
1HQ3Go3ggs8pFnXuHVHRytPCq5fGG8Hbhx,pubkeyhash,6937013094817
385cR5DM96n1HvBDMzLHPYcw89fZAXULJP,scripthash,6663390591295
3E35SFZkfLMGo4qX5aVs1bBDSnAuGgBH33,scripthash,6507708194519
3JZq4atUahhuA9rLhXLMhhTo133J9rF97j,scripthash,5991009528652
38UmuUqPCrFmQo4khkomQwZ4VbY2nZMJ67,scripthash,5454936908117
1LdRcdxfbSnmCYYNdeYpUnztiYzVfBEQeC,pubkeyhash,5388005925422
1AC4fMwgY8j9onSbXEWeH6Zan8QGMSdmtA,pubkeyhash,5183035711656
15VREscuZWHb41zzyivw6ZYagMyJ6YKFHd,pubkeyhash,4700007814562
3FDWNdFxrJxXoF4hWXF4dkc1FFxsNyKAHh,scripthash,4365300200000
bc1q5shngj24323nsrmxv99st02na6srekfctt30ch,witness_v0_keyhash,4000032719848
17hf5H8D6Yc4B7zHEg3orAtKn7Jhme7Adx,pubkeyhash,3600000213111
336xGpGweq1wtY4kRTuA4w6d7yDkBU9czU,scripthash,3177425570313
3Kzh9qAqVWQhEsfQz7zEQL1EuSx5tyNLNS,scripthash,3106946978196
13JQwoSLLR3ffXwswe2HCTK9oq4i8MWK3q,pubkeyhash,3101001150570
12ib7dApVFvg82TXKycWBNpN8kFyiAN1dr,pubkeyhash,3100006893125
1P5ZEDWTKTFGxQjZphgWPQUpe554WKDfHQ,pubkeyhash,3005763299870
12tkqA9xSoowkzoERHMWNKsTey55YEBqkv,pubkeyhash,2815105603594
3H5JTt42K7RmZtromfTSefcMEFMMe18pMD,scripthash,2653231778641
3HroDXv8hmzKRtaSfBffRgedKpru8fgy6M,scripthash,2510459725976
1AnwDVbwsLBVwRfqN2x9Eo4YEJSPXo2cwG,pubkeyhash,2322761520090
3R1hBCHURkquAjFUv1eH5u2gXqooJkjg4B,scripthash,2289937768329
1MDq7zyLw6oKichbFiDDZ3aaK59byc6CT8,pubkeyhash,2265000010710
14eQD1QQb8QFVG8YFwGz7skyzsvBLWLwJS,pubkeyhash,2221116529642
3MrMeBmbcDjLc52i7j3SdznChU4Fd4WHbw,scripthash,2190000480779
16FSBGvQfy4K8dYvPPWWpmzgKM6CvrCoVy,pubkeyhash,2173974602836
17rm2dvb439dZqyMe2d4D6AQJSgg6yeNRn,pubkeyhash,2000800060605
1Fp9KLM6cs35y8QvyqAiL714WMFSLBJDLC,pubkeyhash,2000000002757
3ACGWkNmZFT8gMzo7vLUtocd8ajCjFW7FX,scripthash,1999999898174
12BZD75sbMmdj5dy1d5cS2Lo4YWs1FDbDn,pubkeyhash,1972160191770
12nxRsisUcJqCDeUpTYH2a7F5jcad3YhFG,pubkeyhash,1963081000850
16GTzLcEsAm4tHhwtZV1F6gxYDMmbdSMrv,pubkeyhash,1953992074994
1PeizMg76Cf96nUQrYg8xuoZWLQozU5zGW,pubkeyhash,1941442986504
3AbSEcJTvnSGsN2Ee99JLymRoLUbSFbmJx,scripthash,1800000000000
3BMEXqGpG4FxBA1KWhRFufXfSTRgzfDBhJ,scripthash,1797575816050
1GR9qNz7zgtaW5HwwVpEJWMnGWhsbsieCG,pubkeyhash,1574555560258
3N9an8wv4SYi3FVXs3xR5k2AqXeNZiw2mf,scripthash,1549989068288
1BvdLm9RcFWncKpJYr7YjFttYJ9zLf7We,pubkeyhash,1500000016224
18jNaBVYmDzVWHiCDaShF6cZs9DV4N3omi,pubkeyhash,1499999915656
1KUr81aewyTFUfnq4ZrpePZqXixd59ToNn,pubkeyhash,1499999841610
3FrM1He2ZDbsSKmYpEZQNGjFTLMgCZZkaf,scripthash,1450001446963
3645N22DDswRxV4BQGbuBrgHCAYUmzcHU6,scripthash,1450000016336
1BZaYtmXka1y3Byi2yvXCDG92Tjz7ecwYj,pubkeyhash,1400000044945
1aXzEKiDJKzkPxTZy9zGc3y1nCDwDPub2,pubkeyhash,1340000001095
1Cr7EjvS8C7gfarREHCvFhd9gT3r46pfLb,pubkeyhash,1302323232719
1KeK2uTAe8hDVKTbpyDDzd7qfRZ8z3LJx,pubkeyhash,1256508134374
3FiMKffg2kY2Pi2Kebn2HZqN7m6kEcNUMk,scripthash,1236745802909
1HBM45n214sV9yXoizBwTksUgEysTPpk46,pubkeyhash,1200029043068
14Ai5GcasUdr5hR2GMzeojkzB9cm4oufHt,pubkeyhash,1200000011111
1Q7cu7WkeDurYgffeEc9CEnA6zLohbh9iQ,pubkeyhash,1200000001547
1Enhkd9LkQV56a9M12P4VuMDkjyTeLJy5m,pubkeyhash,1200000001000
16Azr3MAzMKMPmxZXfRsBbBPYHnp2CuJNJ,pubkeyhash,1200000000777
1JpiTWauQdtysbynNp88dWeuyg2gBbKDcT,pubkeyhash,1200000000777
1EDRfeNkjkH2SAhSbEKzhKuabnEbVWbKEp,pubkeyhash,1200000000555
1MVo3EXLakJym29CFK6o1MyaCBMdvcmmrL,pubkeyhash,1200000000000
1NNGdZMYsN9pgLSXZ5dD5KFUbatFynpmvY,pubkeyhash,1200000000000
19Te6hzGFSbryomVYqzG2kpBmAJYykx5Yv,pubkeyhash,1200000000000
1JYbzYitYQ1ZWTx5KEx7WH2AejC5i5UUbF,pubkeyhash,1200000000000
1Hyh53PULY6Jyq5LPAJ4CHjgzEbVaqy7KU,pubkeyhash,1200000000000
1MqAfNMgbZoKtRinT89q1faSZqTKTqCFhR,pubkeyhash,1200000000000
12n3s8MCqdZzPnTisYrXagbfw8pJg8y9BW,pubkeyhash,1200000000000
1FUBESNxB2JkyXPc4o9wwoGt158DC9A8dj,pubkeyhash,1200000000000
1H2zrVQxU3ymunr9CunjoActooLW2ryQK7,pubkeyhash,1199996934845
1C5TB2QzeDDJUE4EQD17NmSyEXTk34huRo,pubkeyhash,1197965384784
3Grbj3Q9awmMpVhrQ94y7BU4WaEq8yUZSn,scripthash,1192723971727
17YyZSNFt31pzGXfZtrzs7Y5Nd56rG2uU5,pubkeyhash,1180947558135
1q9kwzJggw6AbQjzJeYQFYK8D5gQK8sSh,pubkeyhash,1172263862532
153efDAfh8gUqGPH85JQXTrh8CQktAo9ug,pubkeyhash,1166031577682
17rfparnM8RaaUyuHFNC9ErqkvRqebNPjE,pubkeyhash,1154893785389
19G5kkYvjawZiYKhFeh8WmfBN31pdP94Jr,pubkeyhash,1110200027120
1Cb1G5qFK91fShyaPPZWVFwYFBtqRG7h8D,pubkeyhash,1109105666661
3AWpzKtkHfWsiv9RGXKA3Z8951LefsUGXQ,scripthash,1100003967059
1Hm9vfrEX7Gyjz2Nhi3McQ34PryLDHGrCq,pubkeyhash,1100000011111
3D15C8yuFRiMYPfptEP6EJH1GKAqE6F1oG,scripthash,1095980681507
3MWqbpfzxgojEAah6PMZoZPdUPUTuyTpan,scripthash,1091016864969
33ZNiyx5Z5CMkULX7ENvcKKxFNCzGJv5vQ,scripthash,1088520673989
39zAv4u6QBSmUAttAUP6bLvENRMZuNAJaP,scripthash,1086424583675
32sxoQm32gwDXevTijx4MTDCzx91dH4uj3,scripthash,1081441861989
15xZvLJLAgxh8cxEmAbpx1H35oibHo5cLA,pubkeyhash,1079977009121
1F34duy2eeMz5mSrvFepVzy7Y1rBsnAyWC,pubkeyhash,1077052660448
3DVJfEsDTPkGDvqPCLC41X85L1B1DQWDyh,scripthash,1074301407198
1L5D4Eq2RkEKuN717Gc817MH1Sxs5WwMQh,pubkeyhash,1025047354303
3Pja5FPK1wFB9LkWWJai8XYL1qjbqqT9Ye,scripthash,1006152542077
1f1miYFQWTzdLiCBxtHHnNiW7WAWPUccr,pubkeyhash,1000926250139
3FuqMT3VeyRhB917aiJUeWSn2jRt4M3hw8,scripthash,1000599556054
3E5B5QbDjUL471PEed9vZDwCSck9btBLkD,scripthash,1000174086774
3KabDvdetZXDHNm9HXowLc9SppiSXKn7UU,scripthash,1000098887904
1KbrSKrT3GeEruTuuYYUSQ35JwKbrAWJYm,pubkeyhash,1000001484958
14YK4mzJGo5NKkNnmVJeuEAQftLt795Gec,pubkeyhash,1000001148946
1P1iThxBH542Gmk1kZNXyji4E4iwpvSbrt,pubkeyhash,1000001108006
12tLs9c9RsALt4ockxa1hB4iTCTSmxj2me,pubkeyhash,1000001102119
bc1q2raxkmk55p000ggfa8euzs9fzq7p4cx4twycx7,witness_v0_keyhash,1000001038951
1BAFWQhH9pNkz3mZDQ1tWrtKkSHVCkc3fV,pubkeyhash,1000001025279
1CPaziTqeEixPoSFtJxu74uDGbpEAotZom,pubkeyhash,1000001023507
1ucXXZQSEf4zny2HRwAQKtVpkLPTUKRtt,pubkeyhash,1000001023507
1Ki3WTEEqTLPNsN5cGTsMkL2sJ4m5mdCXT,pubkeyhash,1000000931762
33QoG5ioV4hseifKT9iaqrmD2eis7DicWA,scripthash,1000000612149
3Fr1mGhnPAQ9YDf1dzg4B47PkX5TuvFtYv,scripthash,1000000389032
1LfV1tSt3KNyHpFJnAzrqsLFdeD2EvU1MK,pubkeyhash,1000000141521
1Kx4QFupZ9vKFmUDhsptfSBPEKXJKV5MuN,pubkeyhash,1000000003628
1PN1xjngm9jhY9duuR8af7CXmK3QVcsixJ,pubkeyhash,1000000000000
1EU2pMence1UfifCco2UHJCdoqorAtpT7,pubkeyhash,999999954638
338uPVW8drux5gSemDS4gFLSGrSfAiEvpX,scripthash,999900982864
36QdwHXkPQNvn7vbCfp437AwTQDnXZxnsa,scripthash,997440251736
1Ki8MffYtNtjzcpQJ2hYbihDzgtRte7VEy,pubkeyhash,989996582258
1Moe7Btq7uRRULD11XLAnZPSUaVAxW7zbv,pubkeyhash,980566470383
3DGxAYYUA61WrrdbBac8Ra9eA9peAQwTJF,scripthash,971124286471
1Kd6zLb9iAjcrgq8HzWnoWNVLYYWjp3swA,pubkeyhash,970712968237
3HmJDpQvyqfZ2RZvyheB43NBPQRN3FVoFd,scripthash,946599993465
1P9fAFAsSLRmMu2P7wZ5CXDPRfLSWTy9N8,pubkeyhash,942478233691
1HLvaTs3zR3oev9ya7Pzp3GB9Gqfg6XYJT,pubkeyhash,926001202942
3LHmwfiBQNwLR4bxtSQNkbmwz5c7TEnsLP,scripthash,924314389554
17CzhFvGwH6TT46JtzhnhMpTw4mHYpEGCR,pubkeyhash,910736427209
12p189bGyFSBMX4ogD9FZzFi9FZAD3p7qA,pubkeyhash,901349844689
3LYJfcfHPXYJreMsASk2jkn69LWEYKzexb,scripthash,900100259519
12yqigcnS2v46sFrUWvX1W9bRWqivrEGeh,pubkeyhash,900046944264
3NmHmQte2rP8pS54U3B8LPYQKkpG1pFF69,scripthash,900001282864
167ZWTT8n6s4ya8cGjqNNQjDwDGY31vmHg,pubkeyhash,899900579062
1Bm3yQ1XGbboSruyfVmadaf4TXHedBmKxG,pubkeyhash,880404565027
3EiEN1JJCudBgAwL7c6ajqnPzx9LrK1VT6,scripthash,880000000000
1HTzd3sKVmrTNZ6QGisPPA1MvBkoyPiZWJ,pubkeyhash,879028068018
1F8Tzyby5QS15BFPGk6nhZbYhZ8EUzixuH,pubkeyhash,876811843893
356Zz26iW3tYd1xWJjVGa8CPbjC9W5EW9f,scripthash,875099958779
1HGVtEtKWayb56xiZ4YJQieWFv8m7GEc7E,pubkeyhash,874191561978
3BpQbqhiphkDKm4FMXQ7w7Tmn7KpTDWamr,scripthash,870119495775
19rxQRpXBMQcbsYcxo6w9xL54o1sXDeXdA,pubkeyhash,853949740069
3Gh8vtXaPhfb46LaABbi1srME2vABzSG1j,scripthash,837825672243
3FdFFJRqvBWKEjFqkZhxuGbN9HNUVAfLqF,scripthash,820001867548
3LvK7QJD8K3u6dzFHNc1g9ehezrohUKvUx,scripthash,817966037326
1QHVStz4ALAF8LFokjLy9QFaZKUFdraxeo,pubkeyhash,814999976776
1DWxysF7GPRYGShNxL5ux2N2JLRa9rbE6k,pubkeyhash,809876821639
18zuLTKQnLjp987LdxuYvjekYnNAvXif2b,pubkeyhash,802070174190
1NpZcfBnaJeoRT9ZqwZVRMw3SRs546VsuE,pubkeyhash,800773686340
3PWn1AGqo8HWH8mXSsxx1Ytk87zMAAziFU,scripthash,800002934270
198aMn6ZYAczwrE5NvNTUMyJ5qkfy4g3Hi,pubkeyhash,800000259604
1MYv4C4hZ7hC5sbHrPkzvmNoozQgnHKeAU,pubkeyhash,800000151536
182p5CrqfDxvonznRyi5AUBwsCkDX8eYMe,pubkeyhash,800000091092
1LyTftu54VMYCv5pq3S4pMzPRMnsYKTESw,pubkeyhash,800000011092
14hdaXfy2Vt5a2paHtLwEqobUQPrco7RL9,pubkeyhash,800000010410
15mxk4fKk9ggQ4fikNWKpasahsdXZNdVu2,pubkeyhash,800000007752
14KzHoS5dXbhy2kBevNKLz2ZMtjaqHkKWZ,pubkeyhash,800000002202
16BiUbH8yxFmCJs4ArtyTgHKfXQFvkvPNr,pubkeyhash,800000001092
1NJdKoBkKQNg6aYL9HTKyQ5SgfjZQDz3y3,pubkeyhash,800000001092
17J26KSDtNFPAUhCMwjcRNWhneMsXS75Ba,pubkeyhash,800000001092
15QFkJUWFZ6QRpTrzUitH2Egyf1JTngVgV,pubkeyhash,800000001092
1T7m8nSs5Yh3YuLNoHPb5ehwN3LRVEchn,pubkeyhash,800000001092
1GBWcQuY5aD6e2zrbdb38j7pizVr2wcJnC,pubkeyhash,800000001092
1BbSZNNhoBUCFGMfnscBDXf7PH1takoMga,pubkeyhash,800000001092
1Fjom9b9wvp3HPi2ZS9hqXQwJpXcjumSYJ,pubkeyhash,800000001092
13jh1fCa6pCFTcCH1H6MXDWLa9zajtniMT,pubkeyhash,800000001092
15ZQJagAa2iUCwpQXUUCZ4BfzFW5TAVyJj,pubkeyhash,800000001092
1gvH7pGPrEBNjqmwYS8UDhjFQkyqkKCLE,pubkeyhash,800000001092
1D3AHKaQbtPLVwYB1L9ATAPXo14xVA2Hjc,pubkeyhash,800000001092
15URsTiy1ksoMMV7DuEi9hvSqHgqobAtKa,pubkeyhash,800000001092
1LbUMzM7tmyVJCpzBJTi5ZVmRb2Vn8mwVH,pubkeyhash,800000001092
1Lan1sQzYGViDZskUFmnitJvfejn2jYdNS,pubkeyhash,800000001092
1N4yKFsFPjjoJyo3BAKUWpcs3SUghfgJkH,pubkeyhash,800000001092
1LRXrhZRLVTjGCPFphPsXZfeHesRigm59r,pubkeyhash,800000001092
18saWjMCchDTGWunefuDJSWNdz4p6KtfBL,pubkeyhash,800000001092
1KoiNofDvcUrrVfxgqpRZixWXNXo6d2kfQ,pubkeyhash,800000001092
178KR5zk2Z2rc6rWdczpHBAokBDkjoC8jC,pubkeyhash,800000001092
157ZXCYfK6NqBiFLkoLDt3PN8KyE8xdTu5,pubkeyhash,800000001092
1FMbcnYvvccZ6hR324cFRpn1QX9TCkqtAe,pubkeyhash,800000001092
19om4Guv9QmVesS7AewMUyE5JUJ9H7xwNN,pubkeyhash,800000001092
16H2Fe9MgxZ1jXW3TaXbgWh3SJfwyxQUTp,pubkeyhash,800000001092
1C1bbDApniTd7DtUodpr3ayXxVtcHvwWgx,pubkeyhash,800000001092
12mJZGPCWf5C2ap2dUdJiuGr8eWAvi6E5M,pubkeyhash,800000001092
1AFNceZVB2MshqU5AEoxg14R7LrUx6Un6C,pubkeyhash,800000001092
1Gjkd1hwrJxM9h5Sj1W5bfEN6km1qkVCg4,pubkeyhash,800000001092
1AMDVupuTEeTSnKi6LoSFBqikQybufZsv1,pubkeyhash,800000001092
134ooU6EQmCFFzEPN7yga3S1XikcBtynco,pubkeyhash,800000001092
12US3aeNibsxe7Lhascm4AmvGiTxwSdD4X,pubkeyhash,800000001092
17GyU83L63BtxtpDgv8LmhhtmvcrXbfVt1,pubkeyhash,800000001092
18oRfGoPpb6bkQdACnD6dVYWceeWURK5R6,pubkeyhash,800000001092
1E1SKgxgYJFXzaLxgat2FNSnwWeKz1U15N,pubkeyhash,800000001092
1Cus9pZdkckCz23bDAsKMY6aLSQ7CmuHyw,pubkeyhash,800000001092
17RmGC3i2dASQai3mP9iJLX3ZD9TBm2YQV,pubkeyhash,800000001092
1Kphp4WNPLpScp5T5f63jnVS9ohK6a86g7,pubkeyhash,800000001092
1Jc7vYQHCnmdyhbpcv5o3pYtUbH6Sk139z,pubkeyhash,800000001092
16dyizLarM2N4UjGaEFPESNmJC5vEALtZX,pubkeyhash,800000001092
1DTmjcZo3MMH9MscHizTLjrUxnvwvSLdf7,pubkeyhash,800000001092
1FDzP5vQGMhCzeb9nH4AcUDnUbcHS22BMZ,pubkeyhash,800000001092
1PL2cmmMLmGGDtqaSZJY8DR1iKJaziEPJv,pubkeyhash,800000001092
1JaUiAyoRXr4kqxm3ZQP5uFZmF57bkqXbu,pubkeyhash,800000001092
1FtHBKrYkDchMA1pwRTpYZ77TpfwSgh6iF,pubkeyhash,800000001092
1Eqj1APg1dkcPH7CmHJ6SzRwtJRLpxtBFA,pubkeyhash,800000001092
19F4xZNBxtPAdMqFudr2LDH5efeeUYF21x,pubkeyhash,800000001092
1HG6NbWmJjjSE1Z6oPetWG3nnKrQxgBN3a,pubkeyhash,800000001092
18Ayw3caz2xGDhTfz1nJxLw1NURPtBNJnn,pubkeyhash,800000001092
1C7u4Zqu6ZZRsiKsFMYVDvNLfCwsGrbeTq,pubkeyhash,800000001092
1FrfmxAhYRNU9ebotDHP9FqLbe54QZVcfi,pubkeyhash,800000001092
16BBBjvAArL3zdb1Fh1isr2w2hX7K1K4Gm,pubkeyhash,800000001092
17rVQwoL5v18KfoQJNMMoMBm3rDjodxw1m,pubkeyhash,800000001092
1M9pAdfhGHtQkhGRijApWAkkrPCduvV6Zi,pubkeyhash,800000001092
12Gjyd3MMR7Dj2KwCxw71wwzZXVp2xy8nK,pubkeyhash,800000001092
13nwifHUz5ZfHuQhk5ETJ4BhmqbuQdvTFp,pubkeyhash,800000001092
1MLsZmbT3mgmm6zLkTR26yJHVfn8BSdqqd,pubkeyhash,800000001092
1JpAvQxbxurhU8wfxszCtzFey4D6N8goJv,pubkeyhash,800000001092
14zukxqLuLXg5kqZYRB1Q3Audec3NtxJPW,pubkeyhash,800000001092
12yePmcVhMzzHYwh4BpVF3Cm1bYL9mqyKc,pubkeyhash,800000001092
1BMi633XQ8jt45Tb5EvZ4xdZHb2GzxKSfb,pubkeyhash,800000001092
1Dt4Q2ofKUtHwvjN45tAUfikNBfJrDERcZ,pubkeyhash,800000001092
13pTeUzSU4nwkM72hM6e8AcP2d8LudZBjc,pubkeyhash,800000001092
1DdxS8CheskxKAPPbG8Uq4Qts8kS4x1tt2,pubkeyhash,800000001092
1KLay1g7rZxAiotuDhGy5YizdXSpqkFxQ9,pubkeyhash,800000001092
1Djs2VyBVr6MYNcGVaHAr8B3N1mViS5yoo,pubkeyhash,800000001092
1Dr1pZDgpowHDGJrUNTithDL33TdriFMzE,pubkeyhash,800000001092
17SAATrqavNbzmqBwqxzZc7rK6u9Rmi9hE,pubkeyhash,800000001092
1J2zKTQnSrLJMXZTnA3a5ky1W2L3PJhagC,pubkeyhash,800000001092
1Fn4FSiHFr9SgbQ3ccsybN9f3RF1omst4x,pubkeyhash,800000001092
1HGdi2AtuvBUcdTFe62sKd7ZAFzoG7iQLb,pubkeyhash,800000001092
14YN9Zsx4H8DXUoK2XfRvjuanfjK1RrkHz,pubkeyhash,800000001092
1Le1X8LJb4VkFsfktiUY7V7wMRhniu5Xgn,pubkeyhash,800000001092
1NQWCZqRYvANz3iX1Wnczpm277VEYvcAee,pubkeyhash,800000001092
17GAbQ5DSqnEhyrMMLd9yaraAmVyvoZJ3Z,pubkeyhash,800000001092
15Z5YJaaNSxeynvr6uW6jQZLwq3n1Hu6RX,pubkeyhash,794106362926
13TiDkEj9dYJ8fGufrTyr8jiTgiHuVHXcF,pubkeyhash,790000000000
1Nkayrao1VBkJhPLzU9MvUYQJn2AtFQmwy,pubkeyhash,790000000000
1Bf589DD9hHi8LDkQEc7qQ7LtVZqEmE7oh,pubkeyhash,787874784494
1LehXvYQoahqhfSaLbdkodaED2gTgjakkx,pubkeyhash,785687397976
16rHb8gSWsywJLX37wq7SRJqe63uUj2dFv,pubkeyhash,785000002100
1KHw7yzqoWto1DCGqn7QihoLmzbYWCqNcR,pubkeyhash,780926093986
1Gtpfqoo8stQw2E4vCbZZbJBBZvYzzCeRy,pubkeyhash,780395481045
153C1ZuAo1ydRfXd2R3JacBw8ZKCUYhUeG,pubkeyhash,779320677876
3HCdgNiAsjidcGx4eeMK9AXvXBfrnteunW,scripthash,769999858097
34ovCavdkQgEYbrJk9Q1onhK7uWqq6J7DC,scripthash,769081671744
1HDu2mDMr5bcgoGBty9Usmb8oH1rTDJxQ9,pubkeyhash,739998875092
17ac9tXHxu1nxdLgLu9WYk7vR8ggFN5GkH,pubkeyhash,732047588285
1JfXLzQvYPZHNzX4vhH6aoetGDfcPD1YEX,pubkeyhash,730000294010
1FZRudC5R76Xh4qVETitmsmyXC7JCdwQcD,pubkeyhash,725379394830
15pyB7yDpuxENYiAjFf5SWFrdqoH5ijMy2,pubkeyhash,720860811180
17z4W9AU6B1c625ZaSJE7PNxSScQ5VxxEW,pubkeyhash,720000000555
3KWeovX7hj1jWkECaaBbinNfR1XbTG6bfm,scripthash,716700063229
1C9mFdjfhcjsuuve29d5b7bGMz1JDSU5Fe,pubkeyhash,701520375559
17ZerMdWwhSxQHBzxBbmvJuCG38LnPMx4S,pubkeyhash,700479325290
1EWw4JK7Y47vXq4wnJMtkCGFnPB87KK4AA,pubkeyhash,700099929869
13eEt6myAo1zAC7o7RK5sVxxCNCAgd6ApH,pubkeyhash,700013717158
1DzjE3ANaKLasY2n6e5ToJ4CQCXrvDvwsf,pubkeyhash,700000230982
1Mr11NVsHsKKrzpGwXoBbUw3c8coknwAL7,pubkeyhash,700000004082
15YMdTNT83UJqfpaZfDccy9yBYQFxHxVFt,pubkeyhash,700000004082
1LPpCL59XDBeQrrYKJUYAsbgtpdvVArCCF,pubkeyhash,700000001488
1Q11wyED7bLobrXMnRSAEdLqvvRe5EDvbq,pubkeyhash,700000000000
1FojRdPfLoKb2A4QsPBK94NbFA5rJ9Rd6E,pubkeyhash,699999875328
324rP14bzX8kW1JWt1J8ohZjDFyt2G68Kq,scripthash,699998576963
1FJuzzQFVMbiMGw6JtcXefdD64amy7mSCF,pubkeyhash,699900185180
148vGgpfsdztGw7c9wH57bvgT1ev17mpyc,pubkeyhash,698999207822
1FfdcppWbJ7FeQFznsjdLYNXdwMdoiTGSA,pubkeyhash,696103960954
1fT7ocQ7FdTZnUAjyyZbPQJr1UmxvFxHf,pubkeyhash,694059400698
1Ac2JdpQ5c9NeSajdGx6dofxeXkn4S35ft,pubkeyhash,687771381859
3KeFSfEqR7H5a8vkw1RE6shikCM2Kp4bT4,scripthash,669998241000
1LXiMk1WstjFUFyVcMxoq3V6gFDGZWnQFS,pubkeyhash,659999940382
1CQw8AaJfPveV7NAnU8cTTDDMR288872mu,pubkeyhash,659999938382
1JziFgPR9h4MHv169zjyzygLALbSy4JpEB,pubkeyhash,659999936382
14gSg6cufbrvC9uEQo2oqvenvNTe192r7c,pubkeyhash,659999928382
1A7znRYE24Z6K8MCAKXLmEvuS5ixzvUrjH,pubkeyhash,655166265528
1LVBnipcnkwqHKaXcHeV9gcbPMvByaJkqk,pubkeyhash,652240835458
1AYLzYN7SGu5FQLBTADBzqKm4b6Udt6Bw6,pubkeyhash,651196153618
3DjgCvUvEAAneoBMrjK4vJJBSosiEAf35w,scripthash,650399700000
1PS2epoHjqvF5aDd6kjVx74EHSemC1k68U,pubkeyhash,646539792227
3Cxe5dzcdSzXMetaRs4SGEGbPQjmfv3E2j,scripthash,645000000000
1Q8qGbya4qVRFHToUBssKqbHwS92Kve3f5,pubkeyhash,640300860000
1HA7ta6yL1UqTzAKrhR6rDeWHZPgKQ4BTx,pubkeyhash,640004829800
1GxgrQ4SZSfMmuRKcAstDBNAGRPF8WKEo7,pubkeyhash,640000000000
1EMbKkv5nyjU3tqq1ZWLes4cMcYyTLJ1CL,pubkeyhash,640000000000
1ESi9DvD5WhsW3kaG2QqqV4RrDwdNmcwsR,pubkeyhash,639999944382
1AA3GjLMxfWbcAR9JBLMsBY6Uoy62U2uLw,pubkeyhash,632579595411
3Jz9R3Eevdx2nrSidWt6ZB3fntznCcZ5TN,scripthash,631642617249
1JxmKkNK1b3p7r8DDPtnNmGeLZDcgPadJb,pubkeyhash,631590549132
1LBBmkr9muf7RjjBbzQQvzNQpRRaVEnavs,pubkeyhash,620000147582
12vjHbADKCgcP4V3BpYu1q8UyThz5Ap6uh,pubkeyhash,620000000555
1LtCvJ6QE7pjzpLXLqtUMqCcnipNG36vAX,pubkeyhash,620000000000
3AroYLBGCDtkgs9AuvkE8Yp8s6X4a6sBE9,scripthash,618503016678
1NDyJtNTjmwk5xPNhjgAMu4HDHigtobu1s,pubkeyhash,610165502468
1Gc91za7TDhjszU5gkdZLJzV2dqjN1Nnji,pubkeyhash,608900859520
1JdTWTAubsDWXWd7wcsFwMuSapMBh6efrQ,pubkeyhash,607150042131
1HRRsvWqTjN71eisw4dZ32vFmM98zHHbgq,pubkeyhash,603970228971
1KQNFU435SERu5Td1qUhxyDfxnWWSj4uhv,pubkeyhash,600000000555
3DDxpZbLztFtjfHcEva3eK3CXPhn832M1o,scripthash,600000000248
1J3B2ucUpWjWPPpejUCoLN93Gwz3q65CTd,pubkeyhash,600000000000
3LC6VRyMq2yfae1LdTiH2rCy23zxajMc2A,scripthash,600000000000
1NDY3YFDyHP5Md8dYjgwZYiDECQTbggfTg,pubkeyhash,600000000000
1JeTiSWo8pYWcNaTH4c3CfheAwVDYRoy1Q,pubkeyhash,597203674548
138EMxwMtKuvCEUtm4qUfT2x344TSReyiT,pubkeyhash,590756082082
1PNJfc9MzeBGV1UAjegqhFJb3erejqKHCi,pubkeyhash,590478651176
1MNm2Y4KS13XtwX4KTsnfkAm8DmB3XBV4t,pubkeyhash,590000000000
3FAxrWQVgNNUZ4FCjRQgzDbce1vTyonzwC,scripthash,581733686718
18gK48FVKrZbecBQHq4V25SgcFDNNmicJK,pubkeyhash,580000000000
15dAohrSKggvA8G2d1DSxSJZVNeDe3kwuw,pubkeyhash,580000000000
1DU71GCckRFa6q4zr84mDG62gixSsw6ybS,pubkeyhash,580000000000
1PAawVDQeQPyFyZEasYKUuLtghkDHJn4nN,pubkeyhash,580000000000
1C4iqwV3UCqWBgMuFRpsuMPi7FZdWg763k,pubkeyhash,580000000000
1FVNNXmsbGXTxqxoaBt9moftpeYn2qQMhs,pubkeyhash,580000000000
1CUJnEkuTjWtcDff45ecECeyDWMywqsKRZ,pubkeyhash,580000000000
17mma93QoRZi22s99amxLDFpybvzH66SmV,pubkeyhash,580000000000
1LA49T1A5w7Mf592Xwi3oDcefraRq6Q4tr,pubkeyhash,578566612652
1HC46AKy3GFAQaRFNFoiRfxXe63RCeTZ2Y,pubkeyhash,574701258812
13n67sFKgqLDKp8gx8Xvm6scdfY4ZeaU8p,pubkeyhash,570008275864
1QA21kFmwaES7w5KZsLwVi7HznLPBvX7R3,pubkeyhash,570000000000
1CFbvNRRkK5sWXz1tvjoPEjoA3ihJMQAc8,pubkeyhash,570000000000
1JHj3mpfhc8j9xpfyHJmLivcQMA7J8dA2i,pubkeyhash,570000000000
13CT6kyUeyekcGv7bSj5G1phoD6AX1WJYC,pubkeyhash,570000000000
15zRqpeRf7XBZqiPHqkxcejPgQJNw6MD5N,pubkeyhash,570000000000
1GAZmhZdcdGuoA4Pnuh9iX5kjpiq4ENw5p,pubkeyhash,570000000000
1DkYd6n6HaX6QgELnq3xPmNrRqR2yN7NbL,pubkeyhash,570000000000
1MRMaXZp7etNw8QhAp69q5ahvM8shoz1dk,pubkeyhash,567053738969
15bvyRtnamkjEjXCtJt5q5gbonYMwTLyQu,pubkeyhash,560000000000
1DR93bfKVCUJkDvPuxbUAEtzYRaJEnwjNt,pubkeyhash,559999948008
1CCqLR8YrUMPFgYZWwLW8FkezbFjfeXD8n,pubkeyhash,559532249601
1KRVgStcQtEhDwYP5TE84JEuKEPuNie1w3,pubkeyhash,557785003688
3FVrw3oPAfAyqiyvBaJLKPwBUjW9eQjLsM,scripthash,557540126498
3KWEZ5J7QDgUxn4kiX2h2BEJQKkdQJQj5g,scripthash,555598362186
14kmvhQrWrNEHbrSKBySj4qHGjemDtS3SF,pubkeyhash,550120924832
3NhFsfuNZiRqX8vwFw5UqnjipprY1fL7tk,scripthash,549394784022
122zHqVVaY21SEjSPeHqVVs9qFDwTV3duS,pubkeyhash,545454693642
16PecARt3GH8fWgokkQvnEjofYH6yV9G6J,pubkeyhash,545401612099
38gfemn6Ps54si7KeYZrPX3uLpiseuP7sX,scripthash,541254630901
3QiX3xpqufGw8TgU1VjCbVN1fmJmiJ3LRC,scripthash,536034998089
bc1q0vrlwmz4z48tuyhmggz74p297j8qln8t084rm7,witness_v0_keyhash,535594523386
12xjTvg1aqK9Jc46N4cxTLiKnCWnDwD4S9,pubkeyhash,526606168261
3EbSda5tDELTY3hXAgguXanwNuDivqS2ep,scripthash,522724820000
3Fv5WRvzhYFJdJnNoL9j3o75NgXZ5nM4sg,scripthash,519999915742
1BVtDi7txPCG2TH5Crd2Rw5MtpivbmoKgB,pubkeyhash,518572966832
17VX1BEjYVyBMi2vw6nXDrpwMvCSweHZot,pubkeyhash,508194733785
1BeouDc6jtHpitvPz3gR3LQnBGb7dKRrtC,pubkeyhash,507500138854
1Ec3rkAfVjjFNMTs8Y9CFrXPG6M6BJvz3u,pubkeyhash,506946287296
3AZLNCHyHdeuPsqvbxBCNQkYbyGLSEPnxz,scripthash,506811468138
35Cek4ToNKi9efL2yTxfuY1Epgnd38aQtm,scripthash,502699700000
3EyyYsbb7sPV6e6y4w9rX6AMraPcggXw8w,scripthash,500498435521
3Qy5mTpumWh24f5UdwGPJEhStoD3A25fK9,scripthash,500430773591
3FhWzKn8yU4s1ZTWm4kyHVS59GVKsVncCr,scripthash,500102958557
31i92LvmPTvBqi1F6wu81Ex1bUMMs143d6,scripthash,500100000000
37RsYN3mFVCh4svLG3C5dsF5NxadhqANkp,scripthash,500055000000
18xGHNrU26w6HSCEL8DD5o1whfiDaYgp6i,pubkeyhash,500001158854
34KYo7VdVr5CJ7m4hYhH9RpwqXhbsTrw4T,scripthash,500000772864
3HuUiXmKN3beQSoM97kWjK1fesWWJvKvaZ,scripthash,500000672864
1ARWCREnmdKyHgNg2c9qih8UzRr4MMQEQS,pubkeyhash,500000478248
13PM8zXmXLBUs7HE2sNTugzoy7rmbJicvC,pubkeyhash,500000363853
19t7WpE7jM3APXAEw8yxhw33Gf1sGn171X,pubkeyhash,500000292958
16Jka2DrvEGGJ6ks2kXRpxmQZLQmAFRoGk,pubkeyhash,500000190954
1DaCQDfStUgkPQXcf53Teeo6LPiKcVMBM9,pubkeyhash,500000148854
17na83aXEao3jfXJXEN4uuvchgAjg1Mw1S,pubkeyhash,500000148854
14RKFqH45xYPMpW4KQ28RB6XtrZ8XpEM5i,pubkeyhash,500000148854
1NJQZhzYac89fDhQCmb1khdjekKNVYLFMY,pubkeyhash,500000148248
19z6WynrjHeD5MMv6919BuQRwybuen1sRv,pubkeyhash,500000148248
1NQEV6T4avmPqUVTvgsKkeB6yc8qnSWfhR,pubkeyhash,500000148248
15n6boxiQj45oHcmDjtNMjh35sFWZX4PBt,pubkeyhash,500000148248
1HZqBQZaizjeAA9GxpvsHwFuAZa4dnK7RF,pubkeyhash,500000050000
3EortxHXCxn1pUgYFV4e63QubD5MiTDpM5,scripthash,500000012795
3Nw1zWoMowebzf6C3Sm5XG5BeCmsy3h1W4,scripthash,500000004354
3DDJwCeJhB2S646vBrRwgG3tyvuGkMuuLf,scripthash,500000004354
3CHdSv2kiYZoLouvz6sKPhfJym5z247HFr,scripthash,500000003748
359gzyFdBo1gsfRMdbuMGuZu9CWphrpcMv,scripthash,500000003748
3H1EPnFTZcsTFAwgJRomB8Hbj9qeMjCsAu,scripthash,500000003748
12ytiN9oWQTRGb6JjZiaoWMAvF9nPWdGX1,pubkeyhash,500000003748
3MPMk9naKgh2wgMJU2s2t1yeM8aNRkuPJN,scripthash,500000003748
3MK37Mm3YXfbGQaA6ammW5ze7bWnHhssTm,scripthash,500000003748
33bJ1o2iXkiKGvEqgybyQXHSioLgf1NE5V,scripthash,500000003748
3MmxtmCohBtkw6wXuabvfDKuEFWHQERPg5,scripthash,500000001092
1MhsWZ7S3VnuAkZsV2dSRkhh9J9Qezgfwg,pubkeyhash,500000000024
1AHvEypFMREWq1MBUHgny4LCKvkUETSp8t,pubkeyhash,500000000000
16qfx3urfhQFpcgEi1yT1xAVZQYFwGNY43,pubkeyhash,500000000000
13UzLRLggSioqtGZAYH5UvUouC88UcsXng,pubkeyhash,500000000000
1J8QsB3ZmVnoKRtJYiZhTW1VJoc1w8UCnF,pubkeyhash,500000000000
1FxTMDC83eANndBeJaxcCtW9nPnY9yS9iU,pubkeyhash,500000000000
17cR3X2ED8M1rcgMwBqd6DgaMYMCny4C6F,pubkeyhash,500000000000
1McBzpGvv4HSZBfjJhYFgE3ReszWjTXTjH,pubkeyhash,500000000000
3CFAqBSc28siHWimLS98Nsfff7cXaKR8pP,scripthash,499999987402
3LszrP4odB5g1RJUewAoPvnDQUBWUC5c1d,scripthash,499999981632
3BYTpCTWuHCBnJDUVsercfgzW5fivfEpFq,scripthash,499999981632
1LLR5c2CamQqiMkpH8UkcWWyV3sLuRmi4B,pubkeyhash,499999979494
1CgMn9qLvf2xiA94koKCupKHRtPs24zhq1,pubkeyhash,499999960000
32ou22p2hppfVrCEBcVn2gX3M8fyC12WzU,scripthash,499999954414
38pn8HzsaZpPzxG5e9Ej7tw1NSoKxpWMKd,scripthash,499999954414
36mrAeUbPBRv3FDCNeAnfnXbPDoHZdYoke,scripthash,499999953748
35AqwAcL7uGqVRC2xfixpunUfA1QLBiPT9,scripthash,499999953748
3HPd1rGzUxteY4uNfGmQ8m5NNEnX7ifznp,scripthash,499999953748
3AJLn9PXp9qhxLyN4d69WutdE614FmxG3h,scripthash,499999953748
39TDhgfAg4oRXo1TLfEb5yZBN45hBKVYja,scripthash,499999953748
12cgpFdJViXbwHbhrA3TuW1EGnL25Zqc3P,pubkeyhash,499999866843
14mtT6JfZFaU6R79syuQB45t83L5DR5zDH,pubkeyhash,499999793361
1LQKFmdYrN9egC5grf8Thbcuwwv4sE4RvP,pubkeyhash,499999698401
3PWNGS2357TnjRX7FpewqR3e3qsWwpFrJH,scripthash,499999554504
3GaB3nRWA1PLc3XQkkbpVtFwYYZEuMxD4i,scripthash,499902076158
3QnERXJPbFBsBN6PH5NdrioEyo192CQ5nj,scripthash,499205714814
3Ky9RNarFTwZ4SywztDuBbaLAr5dqTujkt,scripthash,499037867187
3Brc1Wu1wdsh3qXX4sHeBTTg8LDPmHHcyN,scripthash,496511610653
31oPJn8YkoaYYe2aTEAAocCJqBxzHpugQt,scripthash,490109947700
1BXZng4dcXDnYNRXRgHqWjzT5RwxHHBSHo,pubkeyhash,490000004414
3Ci2xpFHxADnMdjdrosUjGje773qaEiKEL,scripthash,490000004414
1Btud1pqADgGzgBCZzxzc2b1o1ytk1HYWC,pubkeyhash,490000004414
1BvNwfxEQwZNRmYQ3eno6e976XyxhCsRXj,pubkeyhash,488114168914
1EBwMpa9rNfHHKNvHzPTed7ezMmjVGqge9,pubkeyhash,486500000000
17spLhCpZVdQXFz2ZL1aP5gRci6RFVNhrD,pubkeyhash,481698902756
1Miy5sJZSamDZN6xcJJidp9zYxhSrpDeJm,pubkeyhash,479200158914
19P3qB7fimyEDSogP98T8nt7TGYwjApfd4,pubkeyhash,475045570421
1Kq6hXXiSpdp9bg9hDDyqm8ZfvgZmzchjn,pubkeyhash,469939630214
17GGGHWtyi7e1rxnEpcKpE7fHq1UZBguAb,pubkeyhash,469633427215
3L9hddHJMnpE1qzofQ2TSvMiiMf5ejX1Yw,scripthash,460970250110
3Pv6S8ZEcQLmXigA694aUZhVmnLUjNzxcc,scripthash,460000000555
1Mz1AMzXUaaNHCit9fw943swQCqKP1vKEb,pubkeyhash,454972500111
1gtmmzwhqUzhb8XoShHwgyrzbJwdZ47ok,pubkeyhash,451344595100
16aEn4p6hK4FMpLtJGpoQZMZ946sDg1Z6n,pubkeyhash,450325864414
bc1quchdh8qk9wx40agh5ywnkrwsdqstlcp80aw6ey,witness_v0_keyhash,449999993111
bc1qezn9rjetad3k9mcd9zzhmv56ypjz7qv0tssn07,witness_v0_keyhash,449999991056
bc1qsnd6zut5n59cfha2vynepgxh7ppq4rcfsu09za,witness_v0_keyhash,449999989412
bc1quffts3c992h6jjur98pwn3ga7jerj4ljee26ss,witness_v0_keyhash,449999989001
bc1qyf240gfzmgmwemxhrwnep5fe4z3a067vy3mr36,witness_v0_keyhash,449999988677
bc1qhvfd4368afv89qdncra8l9r0g35y7jwflwe056,witness_v0_keyhash,449999988179
bc1q4xq9m2fd30nxd6n6rkhstd3qxd3a33573afy6y,witness_v0_keyhash,449999986535
122J8UT6RzEbVK52q27QTZbdw3VEqdz7mA,pubkeyhash,449469462094
1MLiPwYjNACQHREFKwGtkPpWgd8PqpbuQ4,pubkeyhash,448685893341
15zM2VsDrroY85KhRnXu8pgrfmtKjw2Zte,pubkeyhash,445358240070
3HBHPxoe6ZaqfekmDrADPWQCvNAGpW142Z,scripthash,440777170000
3DNxbwKQFWFw94yeAsrZJ3Vm6gVLqCdPwg,scripthash,439999987556
1MjG8ehF2ug4hKpyb3UeQJxJFprhzSp9e6,pubkeyhash,438159710101
18Hp8j2JMvwtPs1eqNaYEEVvuFpjQJRFVY,pubkeyhash,433300169691
18hFBPU81kC8V4Dp4iwdwQHakKa5TW2ZkJ,pubkeyhash,432584068914
16eb495TbiCRbRbZv4WBdaUvNGxUYJ4jed,pubkeyhash,432233168914
3JE9ztAt9wh3hiX2kBQeqr8ccVzp7q5rFb,scripthash,429509437990
3N5Nny9doXSfjYh5k9XNdG8baE1kiayx5o,scripthash,428912300342
1JCrPqogEKEpM9fuFQV7LpF9e8cgf3YZ8m,pubkeyhash,425099328344
3LnWvSNEcAUKZmG2Dp5pciGiDc1erGMghh,scripthash,423900000000
3CbsvhcvGjqW4a1u5yLWanfXaT8Z9Jd7CC,scripthash,423045518145
3BcfRWz6yhwX3Roc7T8tRQfJvUoR7Pochb,scripthash,418529277252
1GX7i8jG8DD1mG85BNnz7xybVhSmw84Uii,pubkeyhash,410880169532
1FiTk9HzKQiEWngPb9B5YJFn7m89PzHWZv,pubkeyhash,404983431022
1EpGmNEqLjyanG7PC2s8SeGovtxmKqEGk7,pubkeyhash,404975000555
1N5NqDWiLVqtU8mEzCNEeEbQVHwuGGChJs,pubkeyhash,404900168926
bc1qrvxczdplr3txzmwcp2tn0usaksc2axvdfptxsyw9rtv7dmtu7l7st2g3s9,witness_v0_scripthash,404709858854
1HJ3HR5xHLXbi4sEogWhJAZge6dRAN4sve,pubkeyhash,403499951613
141dQoLTKN9E17knZKdEvGDVcvUtzpZYYY,pubkeyhash,402122884626
1DY3ssmgV1SHBwyVqyn2RR95agMH4nywz3,pubkeyhash,402000001092
3CG6LKSJTZ7swNDp7gW3obiK2hCF4AJEik,scripthash,400100004426
3CH7NTTZryJhphKUXbMiUhVQVVyQxrPSUf,scripthash,400090198030
1VeMPNgEtQGurwjW2WsYXQaw4boAX5k6S,pubkeyhash,400010120168
36YxkzAkSL6P7sZZsxgyvpXdSAqBbxrh3E,scripthash,400003450000
1ALXLVNj7yKRU2Yki3K3yQGB5TBPof7jyo,pubkeyhash,400000183630
18eY9oWL2mkXCL1VVwPme2NMmAVhX6EfyM,pubkeyhash,400000168926
1LwBdypLh3WPawK1WUqGZXgs4V8neHHqb7,pubkeyhash,400000168926
39XmXRbgigF79tjpvdE3duuqzouVDTQDSQ,scripthash,400000008900
39Awb3BMLSXavNPmMEmgpVASUw5KwiEf9r,scripthash,400000003700
15GP6FYZvwKZxKKMic3g1ND9iKQ8mfYosh,pubkeyhash,400000003094
1DamLV6Me4FMvrKf3egjsXwg6PDg8FpuGh,pubkeyhash,400000003094
1HJDQbLauXEkzsTujzw5PaAqbcDCBeLiq1,pubkeyhash,400000000000
1MPsPzkBK3w8J6CJyAFUkoiSaxTqWRabsk,pubkeyhash,400000000000
1JUuAaHSuxy4hSuBz3HknjLdCtmL28Hcj8,pubkeyhash,399999794870
1DWB2HajYBcDBuB2iSGzRVaCpcQKEPvCsj,pubkeyhash,399681348808
15MZvKjqeNz4AVz2QrHumQcRJq2JVHjFUz,pubkeyhash,396262167594
15RVcv4oL87WVsKkmf9pBRWQ92ATvfge57,pubkeyhash,396000001092
3GWSK1i2ibBVfhYUEcpcXW7tWb7UQ4CwNY,scripthash,395631122105
1fw4PbvZXdzbKo5WD3hdSvqKDze3g4HHe,pubkeyhash,395151072346
35h3wuHCVzuULtL7nRtYq9bzWVRR554QbY,scripthash,394999853094
3BHZHfFvYrLRyDE1AR8raqmDPm9D5E8C9h,scripthash,394260615444
1D9Tagw8NWdG63XE5Sy8PsGHxtEyVJWQrg,pubkeyhash,393283406548
3QsYQQ3NsdBKM2KhBbYZWNmcrZEg53fTo6,scripthash,391521488230
37aM2XEPKZzHu1WxmRnDpk4YHPVUxu11Ra,scripthash,387679747280
1NznGtukoc7Y3bK9VSCJt2B3HfJmJ3oT5Y,pubkeyhash,383432768279
1Lr1soxrRePGNaV7w5JXoD4qRr3Aj2uZUY,pubkeyhash,383363924928
3LNdtHdJNFyU2n2jKyT7125TW5cHe6oGqX,scripthash,380900000000
3LBEvhU25y25GzAqBiZu4w4aH3fCq8Z7yM,scripthash,375875795154
1yAFNheT6MyMddhYXqjW9yYgNh6KiKTWb,pubkeyhash,371600515700
33xykkULBPFjXHg4XNEr29MHMszfFyqwag,scripthash,369625476674
1GMFSWQQQhCQyRNQcac9tDKcvqYCuripVs,pubkeyhash,367420913566
35ZAWkwFu9Pyj8cVNLuQGaqCEZbdGfHYcU,scripthash,361132516321
14mPMrRm6TdjqHZhd7aBUbuWt5MYWReukR,pubkeyhash,360000274094
1CMbVZV7xbAiFFauuAf3tgZRhwLKXmMUZL,pubkeyhash,357200535862
3DWrpga2dzShTB4NWct3fGVZZCbhoj4vmo,scripthash,352600814711
3B4nYd7edYJsvkhTGXb6gBUjqtCKf1ABho,scripthash,350000003094
3JcTK1aJVyrFgEZp2ko2eo9w4UgPDio4U3,scripthash,350000000000
1NXABBfzM6JeLmUX9ddNLrejA9eAQoguZm,pubkeyhash,349999986979
1HRpC4MqQsvFpQRpXtxnyB1Y3YQfwY21Du,pubkeyhash,349999922064
1PnZrjuLngJ4Fszu5DY5ATHyAeNgT2FRvY,pubkeyhash,349999782500
1G6rsEjHmKXWuwgMavSiTvH5DDTi1y17oj,pubkeyhash,346813297181
1FCzugcjMcBaXyBoMDoJkNHp4SRjHphuYR,pubkeyhash,341080780380
36esjhrcFdKjCA8Ae8zph4sUHj7Ko8ALqW,scripthash,339499062258
17pea8NeYxjxvTa9uYq7of6sEWCpQmfcx9,pubkeyhash,338299692983
1KwA4fS4uVuCNjCtMivE7m5ATbv93UZg8V,pubkeyhash,337100266313
1KozXNordVX493x2xutF2ecvMH853VveQz,pubkeyhash,336800004334
1Q2yHXMPhWRLaQf5XrH3kF7hDNtpr2bJ3d,pubkeyhash,336732882556
1BQN5YFDvYpU11b7V57w5RerYYhhdHFfmk,pubkeyhash,335691926960
3QSnk93Q8c6Rx91NRPo2zPgBwZbTKibdkW,scripthash,335565844668
1FvUkW8thcqG6HP7gAvAjcR52fR7CYodBx,pubkeyhash,335000155664
1B5PQdUYdHd14QdxW42aqzibiwjBPuR6zF,pubkeyhash,332081561308
3BCnEgPtWB9BQUKxszvYQ5nEiKqern9JPe,scripthash,331724031914
1DUgHiyVZ3z34riXVFfUJa3kaV3GcvE4rs,pubkeyhash,329506831963
124YoiaSaUssbBeP5RukbSN9Evc3UJfwPj,pubkeyhash,329480651086
15CZNdLMnEtocBxDkF94dkPGRbGny6FWYg,pubkeyhash,326799690999
3HcFaPHsxaf9NH7dyYHZwtE5mMTPFV3SuV,scripthash,326123323851
1PVfrmbn1vSMoFZB2Ga7nDuXLFDyJZHrHK,pubkeyhash,325553212130
36Bhu9eMpWk8Rzwa5offRhzv1akugCQAob,scripthash,325533455894
1Gn1GzVa88T1X3fdhejyq6jrZs43T24xW6,pubkeyhash,324880154094
1BcAQzuTiVjQ41qqRkLLZA86Vm5qrtJ6c2,pubkeyhash,324727770570
38DtAhdqct4A18PYQZsW7Qw68nNmSpLWJS,scripthash,323884124784
1PTYXwamXXgQoAhDbmUf98rY2Pg1pYXhin,pubkey,323317000000
373BRdPtfMycB1yYhzZ2XNPDjvBbYQBsU7,scripthash,323000004661
3MCh3xEt733gu4pCMKSHupSJG9raBADMtS,scripthash,322649312487
16oKJMcUZkDbq2tXDr9Fm2HwgBAkJPquyU,pubkeyhash,321452484661
18YmBt4nz7YhANc73qNnyLJhTvXEfZJiR3,pubkeyhash,319999904000
1F88orDyG2En6ZXe56Pt9WufStZbxAdsek,pubkeyhash,319846784974
1GoeYthcSK2H52MAGbE1huVxj56MDfTXSv,pubkeyhash,319616933381
3QxGtEGH5M19kdFA32nvncHuScTHueR7yk,scripthash,319444497491
16iqmhUox1Vh8yjR71SyuYRfP8oRwXspW9,pubkeyhash,316586658607
1BH2ULkv6qvNam9KQATNqgbDbYf9ZhcWS9,pubkeyhash,316525000000
1MPteKJ2WSm8R7DccAwZG9GfDk6zD24LCt,pubkeyhash,315000040341
1GdUzAYZ66vUdjziPGJz4TRv7p41S94oM7,pubkeyhash,314597958138
193zge613zys7eSkQYQVd9xubovLN8Sr6j,pubkeyhash,314465523466
1L9ipUywwErf9EaKCgLqrkoSM5ab3wrjvh,pubkeyhash,314056759060
1P7Adczd3ikxfCzTGtZBAYNLS1pxoTnZPW,pubkeyhash,311776135059
3MTVfMXtpcedEUbRWb6KnSAoBEEAQMsSCG,scripthash,310762118594
38YqdJYvwCr3NXWVpGJWk3AS6v4MdM8eYn,scripthash,310002303974
3HcZggTYx4MY66M6pJy91rTxFoN93V6gZG,scripthash,309301717640
1F8dhwpanTXmMczj3uQJCfu85Ngcbay6h7,pubkeyhash,308583070500
1EgH7EUfgjr8gAK9t1BeHLDC1ijrVvdec3,pubkeyhash,308157519047
1MphtpYJv5E7MmL6y7Ys7doD2cN5w5Hyr3,pubkeyhash,307702000000
1HutAGbbDCazKWXihUSUiWKTLBs4HAXchQ,pubkeyhash,307339398105
18jGeboNHt1YpsDFcCeYPKm8qnAe9942BG,pubkeyhash,306866003094
1Lg5pJRaWKw6n2J4CBjoEJY5ZdLwBu21U2,pubkeyhash,305049804094
12JB4KjLaNwjz8fbncj9bTFaEuW4XREUAc,pubkeyhash,304999847480
1MQ3UtURCfS96AxC5oZhfWF9eYeRKZUcNr,pubkeyhash,301805120611
1NArHAFLdfQmq17P6Usyr2myD6eYoX4Rw,pubkeyhash,300541171255
17NyjrZdybV5QQFoAvZj9SBvKQzZrQ4xbB,pubkeyhash,300099853094
333KZ47UUs6teM1guthwnMrPrEt1Q8Venw,scripthash,300099833736
1qWhiMUeL5HuN6eHwjYm4i7cKwwLc6ExU,pubkeyhash,300009452335
33uEsaGLcF9H46Dvzx1kMnuMCQ13ndkAjV,scripthash,300008942880
32i6n2vXhjvJg1vniURFy7A5VK6eG6oDgg,scripthash,300008936832
328fXpfik4R2zE3E5X2RsgQKzdyuA3E7DG,scripthash,300000398978
1GEwJ4oiNgnLXRuSuRMb2A3vEz6qWMAFnj,pubkeyhash,300000260646
12yEYfcSsMfDwMehRcKcSuSrQBPCKcMVUc,pubkeyhash,300000182718
19HhmfxGsznL8K7wXjZiFnhqddQucgfZzB,pubkeyhash,300000160140
15DtovKcGFiAJmyVfbjvCXHyjtyoZhyyj4,pubkeyhash,300000144094
1FDVbVJYKkWPFcJEzCxi99vpKTYxEY3zdj,pubkeyhash,300000144094
1JjMoB212ctAiuDvURyWhs813yY4c75cap,pubkeyhash,300000144094
1MCG8dJRZpPPZ2Po7jxXLYZnDUSBZKryx3,pubkeyhash,300000144094
1ArZGb5V24gAgN51FeQknobi6kNyGx739r,pubkeyhash,300000144094
3NtunqKxoboAohp9QR2sKiB9QgwKwCnHuo,scripthash,300000100000
3LWW8PKmSbfwmcEMA56vgwPT2dFDr6J5ET,scripthash,300000100000
1GnfxbnkA81CXcj13raWvD4sC5CedLHa4x,pubkeyhash,300000078894
1MVF8AAPoRyGWvkiqfK39sQUyAWE5aGnJx,pubkeyhash,300000078894
12kT8drxKAegK3zcvUUNjmXGWJ3czBUJ5S,pubkeyhash,300000059334
14i17MhFsLsfqJ9zo3fX2v5gaN6YogVFEB,pubkeyhash,300000046294
1Bw2SMM2out6mp2JkcJS5cnwBa2jz1TfSY,pubkeyhash,300000026734
1Hc4EvgZmWECnETeTL4w4ySz76JxubyRjw,pubkeyhash,300000003640
31oLbnMpCr3y7G6xmh4wEHJc1tBnXAVPYb,scripthash,300000003131
1PyF8KqEuFUSokCLK8GP3RFR8xgk4ViTNG,pubkeyhash,300000001638
1EdGpTG4Eb8Ht3zVFog3iCgCkU47NBYxAV,pubkeyhash,300000001092
1JwGFBVbhWJhJYAHBWrqdZaMgumvqjd5pe,pubkeyhash,300000001092
1Q6QiAsrtuxGer1jhvQDF7VQQCxH5A3znX,pubkeyhash,300000001092
1AQjrsnfYc2ftaRa5EgFVSmnxGf2dwbiFq,pubkeyhash,300000001092
1MjfZAxn1XxDJQGz6KxLUGKwinmZk55eCQ,pubkeyhash,300000001092
1FTffByHZYJNdtZufVhCkRG8owevrCfUqZ,pubkeyhash,300000001092
18LTVgJQp2U7vYjNaNFtWf6DyLG7gGJx9p,pubkeyhash,300000001092
1LjT7bcSmiFD8ueYHDoLMe33uisBGeRW8g,pubkeyhash,300000001092
1MBPNZb1Rakm8hYaP9VGqUU6gyJQUod61y,pubkeyhash,300000001092
16Ryg5mxg63HPrqfGVJRV84j4wkMASJyDG,pubkeyhash,300000001092
1GUNPhjykrBdET5sauhahRoN6Xb9pACs5j,pubkeyhash,300000001092
1MiMpsMkp5rsJFK2anDSF8MLgbPa8TjZf6,pubkeyhash,300000001092
1Cq25dwNNqYTvoWNdmVHxHc5YjAcSnExAu,pubkeyhash,300000001092
1FTgXfXZRxMQcKSNeuFvWYVPsNgurTJ7BZ,pubkeyhash,300000000000
1GR8G3Q4g4pa1GehCtWgykyhicPpgLZzPP,pubkeyhash,300000000000
1DnHx95d2t5URq2SYvVk6kxGryvTEbTnTs,pubkeyhash,300000000000
18QUDxjDZAqAJorr4jkSEWHUDGLBF9uRCc,pubkeyhash,300000000000
14kHu26yWkVD8qAnBfcFXHXxgquNoSpKum,pubkeyhash,300000000000
3J7Hkgtoqgpurrf4VjLyVovCjTRLxkfEYX,scripthash,300000000000
1LuXAjLWwxmv4BNd1RaZmsV7ABBFbV9qQf,pubkeyhash,300000000000
15Exz1BAVan4Eweagy1rcPJnfyc6KJ4GvL,pubkeyhash,300000000000
13rCGm4Z3PDeYwo5a7GTT4jFYnRFBZbKr1,pubkeyhash,300000000000
1HW8JWv88cBFcExStGwsf2KwMcVJBG8ioX,pubkeyhash,300000000000
3DVm9t7kaxF3MWqQGK5VFhvDgLyRtU5G1N,scripthash,300000000000
15eAzNW4UKSSjyCSTgMN5RywagUqk3wfAL,pubkeyhash,300000000000
13U65BuSk5ijEu3k8EEiDrGyCmyCoRxYfy,pubkeyhash,300000000000
3PMSinz81FD1k6JxnBfJ2SN9nYUmwUsfeG,scripthash,300000000000
13jTtHxBPFwZkaCdm6BwJMMJkqvTpBZccw,pubkeyhash,300000000000
162z6mSSHzfTqb2Sn3NUk5r1Y2oGoCMCoM,pubkeyhash,300000000000
1EmpiXwB8TsDZsFhgmbatzFPqPoGz9mLhG,pubkeyhash,300000000000
1AumBaQDRaCC3cKKQVRHeyvoSPWNdDzsKP,pubkeyhash,300000000000
16rF2zwSJ9goQ9fZfYoti5LsUqqegb5RnA,pubkeyhash,300000000000
1FfgXrQUjX5nQ4zsiLBWjvFwW61jQHCqn,pubkeyhash,300000000000
1VgdAn4TXfEQhVNsJb8qPRhx48t15BUt7,pubkeyhash,299999996332
1AGAvShyB22eUxz1DKfBBgGENDSZP8dcq9,pubkeyhash,299999918614
1CXVBTyGw6bXQQLqoSvuAxVHfB6NHbPFpG,pubkeyhash,299999575054
3KRMP558EEemGHZJJS5Vu3XVhbvC6HTYoN,scripthash,299999500000
3B1u4PsuFzww1P8if5jYmitXxpMs2EMSqt,scripthash,299908937832
1KpwMa1w9DTUCB5asCgUdLRA22hto1Qgqv,pubkeyhash,299890003094
17TZNT8CBPzUPDfKTXC25RQHrW6M2q6kRo,pubkeyhash,299511786510
3Dhk8F6KYvMyqHN1r4kAT8t7SceK7yDjA4,scripthash,298571232312
3FMfczL3QMP8TzP4BKtVnyva4DbnbbtVxe,scripthash,298090304769
bc1qvwstl0w9gdnud60yczga9tn8hs3uaam42rzl6v,witness_v0_keyhash,298041216995
1LMGgtBigWfgDoTEsSDsBXXHmQaL5nk8S7,pubkeyhash,298009422954
1LZtHnhGq4PnHrxJ5DFzoNcVfj5KFw2m4Z,pubkeyhash,297899923499
1Msef8uRK6ggQwe5nnBwkTNLXtHL3RBTvi,pubkeyhash,297399975334
1LQaq7LLoyjdfH3vczuusa17WsRokhsRvG,pubkeyhash,296600144094
1HoDPH3wCSCiyGmSXX7xiadW2DayqaNaCo,pubkeyhash,296499579010
37JVyq7r8zXZahqUmgwxt8NA3upSuVzGh3,scripthash,295920450462
17jUo4X5kP91VQa7KdxL2psSZGwH1qrBi5,pubkeyhash,294356044931
1Ne8aJPNzmx7EQdZgz454STRReHzW5R19f,pubkeyhash,294280258849
15HiQkbvQMoAzXyKdQbuCKTGDxTswYBUf5,pubkeyhash,293878449896
356myuxHtPTE9b6QGACxXp5nqQLiPBAsmK,scripthash,293100001092
3QkxHL7hrHXCUeVSQ3GxZSjDh4R9XaXJ3W,scripthash,291961694610
1AenFm1zSRkhtPHwZmP2UuRQbWpakD8cVZ,pubkeyhash,291799695650
17FVPxNL9ty1wjNpGEc6KHA7Y13mTntPKc,pubkeyhash,291692081714
1JvPUn4U12uufvHny2HGbk4TKSnogc8BF9,pubkeyhash,290509382482
39X5i7hYe7U8ZZ7Fax7mQj8b5ru2qt58k1,scripthash,288999923827
1HfGEp9VA5EES51a1dKqi1fGGAGSbSzXQQ,pubkeyhash,287500000000
3FFGDiw517fZf9S98TSa9B5YhLrscpkp1M,scripthash,286116086425
159dbKUPnxAbjrV3KPhsTc74CaznwkySkt,pubkeyhash,285459109815
17FBsEF3tZz2A3dWLJ6GyLpDcRqzSwqdCV,pubkeyhash,284999099618
1J6c8t5Qd5LLYVdog5gVcFrE7tRRRvJ9rn,pubkeyhash,284496300000
16sEbXbZd24L6uWgreeq8DYuvsQe1JiKXs,pubkeyhash,283812153359
36fuaCbezJ4TkyMcAgrRfw828VUDxtrYw9,scripthash,282412188027
1NY5KheH3koPcuQrBLXVGq87YbijtXdZXD,pubkeyhash,281899978134
37hyKxgHLCmS6iUzvPzC8i2sVAysfXvc3e,scripthash,281390676883
3Ny8ADHJmJoY8KL32wSVWijFfN1g322RSH,scripthash,280000041094
33zdPhmBkDn1sX18TjdeoRJ8qzgWLhiUtY,scripthash,279999822635
13KYdPnzGh5H8exFY3FhUo9Rvvs6kKAcL8,pubkeyhash,279988790558
bc1qltscvfhgvrq72qvhu08t3yytc4wmelzwzdgr0g,witness_v0_keyhash,276133549441
3F8e6Ch3T1c4ZzmhG8HFhY4E3gxsd6orrg,scripthash,275418449784
1JnHEnQUa3EHDY21NSfKk5ZFhFZzxdsvA5,pubkeyhash,275099414576
3FNWMZiFAH8o3SGo7eqGXiHCxWyDbc1wsN,scripthash,275000289133
1EUJKGm3FB65rr5W9anAEoWA3m71WpDayZ,pubkeyhash,274476177174
144Gmtziqags1YMviKAf856nLUG36vURwG,pubkeyhash,273005000000
1LawddwNrqHySAMK528KLhPC2d9aWt9YMQ,pubkeyhash,272349776584
1Lm8nJJDQVCw6sB7SRKw4qW9RC9izDn2Jq,pubkeyhash,272000167718
19fBtWE5KefBXRbPAvgvaBN9t2wbh5dRJX,pubkeyhash,272000154094
1HchsWHmk5jofCkJbV9PXZ4rQUWhDghaY6,pubkeyhash,272000154094
14yNYsy7SmF69HKsH3r1mA92nJEeWje8FB,pubkeyhash,271610147033
1D9XQbKq42c5PYWoSfr7uJQBciw7pJwzjQ,pubkeyhash,270000251698
1PEUv3FjSWq88AgNYefeYaEhLWSiMW2vuy,pubkeyhash,270000144094
15VZNb55i6hzFwxMq8Jjfnh8h5j8M3Wd9g,pubkeyhash,268709715094
16yPCaDyH2nLiFkGmAkVWWJqzuGeUsMmw2,pubkeyhash,267693681773
38gTej4KSrED7Ds9wTHJegErQSmSbF1Qfx,scripthash,266871039138
1KA9S1WQFxXwDQmADwCcM73ppXr5UGPMb3,pubkeyhash,266523062784
13Dn2kSpLvN2QSRrkgfBTJMrRPDaYjwfCz,pubkeyhash,264908712685
18cKGtwdQHmnDXD6w6AhBhHsmxnK8gsVHf,pubkeyhash,264499788944
3DDkjarSPrbMhDTq5gXz8mY2BYPMmRcJum,scripthash,263201833966
19DdkMxutkLGY67REFPLu51imfxG9CUJLD,pubkeyhash,261594180103
1Nmp8y4GNkyfoYgN1ayWPRPVCic1MoPjmH,pubkeyhash,261478603094
1E38XQRdXVhafXoAXwSZyoxPQ7R5HtmfrW,pubkeyhash,261216626435
nonstandard2cb6b5842f9d353ef44bb46407b03fed4673f4af,nonstandard,260936304319
35aH7rp3QpdSEYFLs3U1CRKCiAnivVeFYk,scripthash,260001010000
1BrSzBwx2RLuppgGziqgF7oMuneHQVhsNc,pubkeyhash,260000164094
16Yg6dREYfXYqLRbWWV8fuVupdCkpkBaWx,pubkeyhash,259343038487
17KcBp8g76Ue8pywgjta4q8Ds6wK4bEKp7,pubkeyhash,258997514094
17j45BXWrjSDttuurcSQubYLdLescJ7eJH,pubkeyhash,258471268296
3HajCjP199hYhBKzHeqfJjUX2WZTRTD3uN,scripthash,258384580000
1BiYAPzckv6gosDRRK7tAX3TYU68Ah7vTF,pubkeyhash,257799911336
3FeG6ALZ4QHjaAcDRYXfxxjXGVSaJdW7wN,scripthash,256502983801
19eJCbm7ncCzDr4w4Ggp1YLv4uJM2iDACA,pubkeyhash,256238639541
3LLt7fA4kzu3t8WJMnfW1ugQK1PGnyTvdh,scripthash,255985418993
16XwK6UZKQxYEkYzZjP55kNzxDFq1GkBM2,pubkeyhash,254999902094
1PnCvypaJ9XGzNbUg1fxt3E9f9RDYG45Er,pubkeyhash,252819804080
1AjbEPKeyW4MCUpwb37Y1HR9uDQso67mQx,pubkeyhash,251000003094
1P6brDbYKsQGqRduaTMa1v8hBqJYjig4Qc,pubkeyhash,250997317141
3514MThjb5YuoSuExaDLtsTSHcxhvsVRTK,scripthash,250100003094
3FcuCTUnAQqAtf9pbgLkhGL2DqUvpucCkz,scripthash,250000368978
3QcyTvV3ffuBwXofJfogcsqC6ksvDL3hUD,scripthash,250000203094
3MHYhcFStcdwnwAWuaqTHvroBJgaMuojA9,scripthash,250000203094
3FHMm7AVUxA9NyYomg6pm5xY1yHvD4jEhe,scripthash,250000203094
1NT1jtYLNwFXLztD4U4B9sLizdYatirhWW,pubkeyhash,250000147731
12owkvCcMPw5u1M692GbBFmpaMdX3kqXQM,pubkeyhash,250000134094
3BPrbYMyzgb6BZHHKFrsETBwtYzLqoXcgr,scripthash,250000030398
34vJhUP4dvBEKLcnitSUVXMvQraLWFWDv5,scripthash,250000003094
1G23Uzwj55k2A9TRwaTknqGav66oDTkWCu,pubkeyhash,249997373276
1PMhvscNUBKMXu92ZPkm6DetqMPWNmiYPX,pubkeyhash,248589807342
1FpVCkRnDuirT8nHEyPh67L85gA2tmcL6S,pubkeyhash,247960723460
3EmjL79cc5H8ZktbN4rbVaMUFqYyQ4HhU9,scripthash,247775796050
13KasFCnTemY9FifS8MovtfFLj9kqqcfEU,pubkeyhash,246774322085
1LadgAjYorHkH8JBmAoDfqLKPARWZhRecz,pubkeyhash,246120684971
15xpLPaYq9aW1YEGmv8DZLtxTLsXWbQGUX,pubkeyhash,244999990754
1xe5xLmvnhFSR77hDM3JDeg1xJYgJ24EW,pubkeyhash,243901945102
1DHgR4dVC3uZh5ouDWzyqeuQpEYQEmon81,pubkeyhash,243900090678
177pGqfbqLA83JNe9rQhVLWFJoq9cUr7YT,pubkeyhash,242730823237
1PxGTuJzDx1ceFHx4Z5CHaWuhiPBNovmZD,pubkeyhash,242297347852
1Kj6epyY2MdzZUCHE572jeV9n7DDRReaZJ,pubkeyhash,240709497269
1EG4AmMftef86nVm6ww8d5p8WwYyg7WtTx,pubkeyhash,240000003194
1766LpJDx4A9ks3ZP73XrcQuc3SoFCrbeT,pubkeyhash,240000001730
3E66PoTCuYw4vR2w9ws5DzcbguoPLC8pJg,scripthash,239997900524
1GtBKxrsGmsjKfBokPeZJZRaKmdbAHGcwV,pubkeyhash,239875000000
12fXB6sBJCGbmf7XhRvTXMDCu91329aven,pubkeyhash,239288994666
33hcw2TyXhJ9hQswnCttasnJyhCfLCyBxz,scripthash,238838362391
1KmAWJFs4KyAeGbuw7yGJ2QVva7wiQ6L5A,pubkeyhash,237275003193
1Q6VMUacupsVvGgSW8puCdSb65jMVpSunQ,pubkeyhash,236942664894
1KJeFGPsB6QzUBeU3Ss6b2Nuh8Ubd5p195,pubkeyhash,236912848115
15RomHht5JGLUPRpM1uHYhkeFeygeq1zG7,pubkeyhash,236909401535
1NPQdExPc28cLqUHBPVrEUuxAejEn2mZCy,pubkeyhash,236431371078
1w7TJ4AJUpnRVAFdAKfngXVEyDHRbj6Nb,pubkeyhash,236303877243
3C8NpinaQFQF3DVSGAMQD1Fw8YxJ9HnhLk,scripthash,235015102646
12q2uc3UhyjMWTBhEQhJNjRiYfHYsTjRri,pubkeyhash,235000545200
152p1VPp2UYceP9BLtJRLoMgoErQRCryTt,pubkeyhash,235000159704
1Dm7rcgrtx9tgrEBowPzXQxeLeJExfUHuW,pubkeyhash,234999993194
3MQSZUcXVURoE8pPZXAdotsZFnxozu5wgX,scripthash,234562385020
1NWPS2fWw6FMeJEjg6DMMpYxQyB4TKpVsb,pubkeyhash,234348114194
1LZ4hs4LWBXJWuUKFj8MczVK9wp8ZgnrLZ,pubkeyhash,233318210569
15fwb75zcQzNrWTont7bn7dU4twt7psX7Q,pubkeyhash,232832982092
1Fa2W871bMJD5Ja1ZUpKqrqVetqmy2MEc7,pubkeyhash,231002000000
1NGu3zGUXwy9KvPMbEUZW2JPz2ZFzfjn36,pubkeyhash,229999924693
16EHSrrW16n7KcuB3b38FMkv93JHT8JBkE,pubkeyhash,228814506630
1Dp1yVTFmgb6oL5WoNVsLsZso4ATMzxD1M,pubkeyhash,228778565843
3CEmChjjxweSRs4TQ6Kct2MWL9Hu3sPD3H,scripthash,228427354252
1GJsCNjBwcJCkwbnMiTebMzis3HSRM9vB,pubkeyhash,227899970834
1GZWT792X54j6TTCmvUh9sVMSurmPWHmLh,pubkeyhash,227250000000
1MafPz7UNykQUmQNQD7xKW14FZgZ6J2yfq,pubkeyhash,227141267346
12LGtnusgHL3FWN26SRc9WpAGrWxNptrCK,pubkeyhash,226762114570
1PFfYZbamQYVdXfgyT2wm5wVjVi7dYfK2f,pubkeyhash,225954961295
1GbkwjPrrxdXB8ddewK3KhhCXgj8uZ2Y5K,pubkeyhash,225487727484
1M9hT9dq9gDUxRm39gCELtDmkThpDqXQT7,pubkeyhash,224001000000
13ahgw8sM95EDbugT3tdb8TYoMU46Uw7PX,pubkeyhash,223997594447
3FVtkdDu1BZKJKG3ZNw4dd8oPFxxcs8yuu,scripthash,223908742250
34wxpTSKbHAnsLbuXLp1m9bARszuGML5ui,scripthash,223373563095
1KwiztHT2ZkL9DLRYqK5Jpk9mPqGmMbKeB,pubkeyhash,222206674138
33wffSZ1u9DVQ9rFeTfPtNCSUeFKJjuJGv,scripthash,221861198654
3KJHMnLhwJQ1KrTfzQVGUv4jzcta4vLn49,scripthash,221098990942
1F2f54RRbPbj2Svi4Ni9n3RN41W3YwsFPh,pubkeyhash,220760124194
3PqPW5WooYNUmwS16XUHPbWv1tJ86ivQqA,scripthash,220152427670
1JvWb1XpNGD21kkPgZhCpK5owrytxUxtop,pubkeyhash,220047333618
1HjdiADVHew97yM8z4Vqs4iPwMyQHkkuhj,pubkeyhash,220000131603
1G2ozMay5PggBFMvXtFDFiXk63u2XAMsqM,pubkeyhash,220000003194
35ysWwjZRokHuHbDWVZnd1HA9hs6YQtHLS,scripthash,220000001092
1LRAJB1Jb2U36ErCUgZrowGKWvZVqqttUw,pubkeyhash,220000000546
1LoSbcBntvcFtVAERaYTDhPB62EGkchMRQ,pubkeyhash,219999906306
1CtHkU1vMbyvuxxX2ab72y2Bm566pY1du5,pubkeyhash,219829711739
1JaPNwMXt2AuVkWmkUHbsw78MbGorTfmm2,pubkeyhash,219451105764
19dwHtRWNQcAw4gmzmGpYbRbWyj5UqDA3n,pubkeyhash,218953601476
1FpgksN9oMtFhqh1xdbr6rFwi6UQqTucog,pubkeyhash,217433918121
35cqoPN9s3PQMrifDy4YVF3RRwyD5fKoyz,scripthash,216099003194
1KN4ZBfGmXvy8JbgTYy33vN6HXqFTEepD4,pubkeyhash,215003000000
14wSqiuSaxbJu8kYMoBZpD8fK4GVYUuJVX,pubkeyhash,215001000000
1CK1TJBs2dganXuBtYBrYkPsc2pQCKoBEN,pubkeyhash,214650061671
3R1qqoDX6D9eHNiVUSK4XKbxcgYcHZoRxC,scripthash,214610656092
3BEoJqTd9SrwztUYW1SiUq42Dz5BuNLXF1,scripthash,214380393365
195HvmjXgoF3M5vFaBC8swZPhwrE7VhxRD,pubkeyhash,213797357842
1Bitcoin4yZjSSPoXUceJaiyQLABx7B2LL,pubkeyhash,213493080130
3NWndKFmvV6cJ6ENgXVeaDTo3mBfAvr27H,scripthash,213310420282
1CounterpartyXXXXXXXXXXXXXXXUWLpVr,pubkeyhash,213087057997
1JeNvVgN63t81kxpbFvNa9o6sBpazjyg4r,pubkeyhash,212653692362
3Qjq6aeytQie3abd8ZEM9cNfPDLpNWZTEk,scripthash,212132888621
3MqEkRzAj6BCM6uQK1ihA8KzJTiM4bBu1M,scripthash,212102011226
bc1q8n6303xs8r8xlsmy00uwc5djz6mw0hm5m56tk9,witness_v0_keyhash,211115800052
1EXrgoXUKcDLDkva1QhTr3XrLhFo7pgRHU,pubkeyhash,210913897194
3Ch9HAxciR1p5qYPsoRoqPzvf48VXcgSQv,scripthash,210118616507
1DJs7mPRvdiLY8cRzTfXZfBQRUUdJzLV1T,pubkeyhash,210100103281
1NB3ZXxs3vfq1hRhuSAZ3zPdQNrXBQB6ZX,pubkeyhash,210000104194
13DyBwhpDw6152q1drbK2US5S3CdY1mRnU,pubkeyhash,210000104194
16Q5zhKCMbpEkR43K6tgzdkh1mTUfi7SMy,pubkeyhash,210000104194
13ACvVSUKeQ57zBtENsJtHManPTJ5sZuRw,pubkeyhash,210000104194
1VLZtmKa95BFrXHeyHEETAivJ22pTEhrT,pubkeyhash,210000104194
18QaL4KvwKBAht2FFeBaPFKpxg5AZAvvZq,pubkeyhash,210000003194
19bGaTXeHa3Agu3HyHLriK6m8qKgtvhCyM,pubkeyhash,210000003194
3GG6Th2k5aBpW6B282uHAAE74meyD9JTpn,scripthash,210000000000
19rtAhZqVQHXBissUQcr2xRCFc6u27aMTV,pubkeyhash,210000000000
134pvF3HdbCLWhUBUViNG4ZCxqqKBLWrKj,pubkeyhash,209999907488
13RLtGaeT4mWsNioddpx5w8LHc3Sa4fPXs,pubkeyhash,209999898074
17oi7LG7ZyKurTPTjpaak8z65hmxPny2eu,pubkeyhash,209699998445
1MEKbMf7hPw2scP468unqAXjedZWMM4La4,pubkeyhash,209670127326
31wrujVVhf92puvwe4uE1cDgKNc4gXuQRz,scripthash,209156190327
39tQWPYs8gXQyZTFd4x146AbuyBce3iFML,scripthash,209000545716
bc1qf3zxkhkhu6kfscqzp2lqm0tm445yx7k9d5xarknxs6yrve2qjujsaj34ap,witness_v0_scripthash,208486696932
3JeNHCbRqARxQodvoEPMnQDoQh9xTBjMSW,scripthash,208053203469
142fFLWkLgteEB48wC6tcChK5dXkptbjn6,pubkeyhash,206815804194
1GJMBvFijx4VDjRNdZ5q8Ed7cdDNps43AW,pubkeyhash,206751003194
1CkdZXJtpbxxX4QAzbRhiFNU3PkcsUsFzw,pubkeyhash,206620104194
1CU33fX35WYJDNxXM5jqawQtVGr32QEGrV,pubkeyhash,205011104194
3HNpJFrc6h8Hy87PU7yjKWpCdJYNDb6PSf,scripthash,204872198003
17fUENpRPPYMBti5UHRu7HCjzjF2Mi13Wy,pubkeyhash,204824670444
1NAgFZKa8YFMKVedJJwCwqYc4nZgGqU1vp,pubkeyhash,203874998492
1CUgoX3RVZx3rdtfAK8Mus6XWL9PgXzC5g,pubkeyhash,203617453324
32TZAh9aUQP2xG1eXkEcZVXfdwYzYTuWzv,scripthash,203504226232
1N75nddcDGiQeP7wTNBC1K8pvqCo1CXhPy,pubkeyhash,203307204194
31qsN1xVXNMxJpJ5GjfyHwRiFqSUT4Vjkk,scripthash,202593900888
32smWgjzqSm2xqjQNjtJuTv8RGF6mUW4S4,scripthash,202029196603
1APsgdmu5LYFzMW3SHU5FqiWq15cLT1fFW,pubkeyhash,202000000000
1HkvetszwRGeSATPVeTrsLpmW7FLPewCCP,pubkeyhash,201919061693
37YfgCKDJa6cSnZkUvhLd2X8p4LXpUCpsS,scripthash,201782168677
1K1MiJoK9iz3WKZwXFshmXrwSYSDNRAAy7,pubkeyhash,201530003194
394PovakUVopoSBcsC7FvLhqbwcfWDsaAT,scripthash,201195002980
1BMB272EM8F9RXaFszJ7nxxN8VNjoa3mYu,pubkeyhash,201179094194
3B7W69bxbaRw7NF6Dv2rg8VtBZXxWNBmjw,scripthash,201000003194
1MTq53R9mvrJomvHoq8i4uyLv26mWHhNPc,pubkeyhash,200132613925
3HAWzrR9kffpqQPtL26WGTxFCC6CrT9jTP,scripthash,200100002154
1ATWxknaBrnon94bq2Hg4R2NcRJiwPy8C7,pubkeyhash,200098743361
3DQ3Rje8Wut4932rR595zvBRBnvs9LUkDf,scripthash,200008238822
3FCdSq5np2eBYc1P3oa3GWj2kVcjvvNKHe,scripthash,200001003194
389JrNcn8trYgYi2EtHi4X7bTCqtVbep86,scripthash,200000972864
339khCuymVi4FKbW9hCHkH3CQwdopXiTvA,scripthash,200000872864
37WCpGkhytgKbN5ARYCuH9npXwYdGUNbNv,scripthash,200000490982
34qj7UkB4bif5mT8verFeRUn986KwzgHgU,scripthash,200000460296
16w8WZ8Ub1Whk6SP4cw4op5cgyRVsb77T8,pubkeyhash,200000212851
1MVnvVoAmkhPiRg5FXew8gWNRWVTLmUKXL,pubkeyhash,200000209094
16y2tVCgnwGM6c3kPPuQDJrSadQqcddUm6,pubkeyhash,200000208194
18KHS8ndbKJ1iEtTxv44Ree3Fs7oCURg83,pubkeyhash,200000206858
15kNZcrhxeFZgVVLK2Yjzd69tRidbFdJEZ,pubkeyhash,200000204194
16jZZkMYqjUWUtQ9DfDvHdH5ko5BcnH9XQ,pubkeyhash,200000201194
16w6sZBDP58yyeyZAcvnxcEGJpwR9amM6g,pubkeyhash,200000200194
17Tf4bVQaCzwWrDWGRPC97RLCHnU4LY8Qr,pubkeyhash,200000196194
17etv2L3nhk6SCcWSNW4eoZkBy84izAm17,pubkeyhash,200000195194
1Ar6meJQCkNoC9wnPcyRNNpzX5fBDaGcKd,pubkeyhash,200000192864
18M1Z337NqLtK9V69bssnQUYsvb7hmfSFS,pubkeyhash,200000192194
18YDgRhxsomuBZ1g9d8Y1JuRmxDhF8Bvff,pubkeyhash,200000191194
18hcZVFPqDNAovJmb9vA6hEJrDz6uWXNGh,pubkeyhash,200000190194
18ok25NTkdrUzdByFJCNVsqVYkujZ8aP45,pubkeyhash,200000189194
199Yxz2TJGtND3QKsHTptTJivqSaUZBvku,pubkeyhash,200000187194
19Cr4zXpKw43xLJhFZW9iv4DDNtQk2TDeB,pubkeyhash,200000186194
19KiFrafXEyJCUDYFEv3B6tBUwyfFo7kNU,pubkeyhash,200000185194
19eihBKk6e5YD2QXAe4SVUsxRLLnTDKsfv,pubkeyhash,200000183194
19c8sUa54yQuRTVDfJa3iDkkCaFkzBJLPB,pubkeyhash,200000183194
1BDZBTb4KE5oq6wAgA6EvAe3uCFRrAbPao,pubkeyhash,200000177194
1BXyJc6BVuTFnHQCcjiWX2xmCPNVfaSZeb,pubkeyhash,200000176194
1BzK87zuqidZn489Wb2oLSktrjKrX7TLKe,pubkeyhash,200000175194
1C5aU4Xnpd3txbxehk46UZgiuNB8QdpHCH,pubkeyhash,200000174194
1CZsoJfkknbnW5fKrt1oR7N1ALE5WmDGP1,pubkeyhash,200000172194
1DedUxzgwErg4ipNi988wPgLk5thwciKcc,pubkeyhash,200000169194
1Drshi4RAuvxk4T6Bkq959ZvLbvy7b1wvD,pubkeyhash,200000168194
1FhRuUkk8Bfx8FJDemtxhKAR4F8GCNKrXG,pubkeyhash,200000161194
1FrV9hv1AW34BGJvobJatyzUWYDWB9epRW,pubkeyhash,200000159194
12T4oSNd4t9ty9fodgNd47TWhK35pAxDYN,pubkeyhash,200000159194
1GkZQcDy8V6pmHFZqUBUBCnN9dc2hoWasD,pubkeyhash,200000152194
1GyDutntMuYyA2vQGW5HFcKLfx4cbDdbJq,pubkeyhash,200000151194
1H4K3dGfNbAN4AUfyUrpkGpjrd83sntDpV,pubkeyhash,200000150194
1HX4s3JeFU3x1eQgPNQVAdx6FoCtbb1hr8,pubkeyhash,200000147194
1Hb8DmmvvtTYv5RBLuGtDxznkZwVpd5Vjy,pubkeyhash,200000145194
1HdKXsNQtzDcfB6PGM7DWTgX9vhBWsz1ak,pubkeyhash,200000144194
1KF8CrJXpAf8EB63a91EHaH1TobnDsRgaK,pubkeyhash,200000142194
1HuPVqz2xvf1rdNFUqd62vRTyxP3jeX9Ch,pubkeyhash,200000142194
1HweN9p41BY2RBunsPqyVuheEq7gVoxA9u,pubkeyhash,200000141194
1HzEPuenagLEWj68igDXBBXrzc293RuR5V,pubkeyhash,200000140194
1JVU43LNKXqa9W5fCh8tppxDDEWgfeNg46,pubkeyhash,200000138194
1JVmoJT3471FjsX5H4hAeR1RyrDgpkHbpm,pubkeyhash,200000137194
12KkeeRkiNS13GMbg7zos9KRn9ggvZtZgx,pubkeyhash,200000136273
1JtgU6Uo1RAt5eiMf34EehyatUezBQP36C,pubkeyhash,200000134527
1JztCg7eKSkb1vi7NzGJynXpLZmoaFtYud,pubkeyhash,200000133527
1KFDUSZuapMv7YaDmL6cyrHTQhma1MtFYs,pubkeyhash,200000130527
37MzUEPGUcVvfDAAiyt1QgjxHRJV15csq2,scripthash,200000130000
1LLc8aA9C9LLULGbYCYSFKXgxKP2DXdCqP,pubkeyhash,200000126527
1LS5EFRRMDgMQusW6zokQUHjzNUfy6HHCQ,pubkeyhash,200000125527
1LueUjEuBgc7cQhsWT8zAfTjcWmrNBZXaR,pubkeyhash,200000123527
1LzwbLgdKd4eFLkpRdeajkH1YJkVCip2zj,pubkeyhash,200000121527
1MPJJzRaT8vLhowNB4dVyWRxxu79dq7WkB,pubkeyhash,200000120527
1MkyfwJf7uhWTmVGGQXfcT5ip31DoHMxsz,pubkeyhash,200000120527
1Mm9brripN4RPTzkGnRrbt5uDWdqbfk2iX,pubkeyhash,200000118527
1MsgeQMDKCqoPRfKT1tw8gGci6w7fCBtKe,pubkeyhash,200000117527
1MvpYtqgBH7CXbTutrSVCTNHPzm9vakuRy,pubkeyhash,200000116527
14p4w3TRCd6NMRSnzTmgdvQhNnbrAmzXmy,pubkeyhash,200000115712
1N5X4kcZ56uRh24XrZoztS9Vb8G7j1Joop,pubkeyhash,200000115527
3BL5TG7zQbL6cnQhQAGkYzYCiyx4TWp8gG,scripthash,200000115054
1NA3Tj4b1jtx9eGELe31Jw4DrzTqKP3ayH,pubkeyhash,200000114527
1NTva3cWy3Xiueh5GPWCa9cz8SePrv6cmT,pubkeyhash,200000114194
1PRXQEoL8vzEzoJJ9hbtAP6NaV2daccAUn,pubkeyhash,200000109527
1Pq7hooZbEAz5y3QMnqFY8C5xqTdrjUwcA,pubkeyhash,200000108194
15U4VsmWG1cdXAtizvQsW4r7iMxzp64Tgu,pubkeyhash,200000104194
15QcKCa84ZCHxbsqXDoKhi5XbmQB8jPEAd,pubkeyhash,200000104194
13dSnmhFeX3qqbsi4thXXad4ggTh6VCESG,pubkeyhash,200000104194
13sXfpp2V16nnxYvW9FHHoBdMa3k98uJw8,pubkeyhash,200000104194
13RwLs69Y7xPrTM5E2aa9RxiDSyeX6jEyw,pubkeyhash,200000104194
14mP6caC5dFhHdVAPCjPKM8Nm36MBDR5pM,pubkeyhash,200000104194
13xGCc4TPSYY9GYxBGVNox82KxyjkFnxMX,pubkeyhash,200000104194
14USZ558Rr28AZwdJQyciSQkN4JT1cEoj2,pubkeyhash,200000104194
156HpsWfgkWYLT63uhTAGUSUF3ZMnB9WWj,pubkeyhash,200000104194
13dXFMyG22EsUsvaWhCqUo7SXuX7rBPog6,pubkeyhash,200000104194
15SeCwVCFx5cWyrcdD1Zp1D1zxjH2SELPg,pubkeyhash,200000104194
13Wv5hGhubAWgSPWtXYh6s1s7HX2N1psYg,pubkeyhash,200000104194
1PjtKeavAmqDDwJujZmpVXH8qS1GvoBf51,pubkeyhash,200000102527
1KxQJau7BkuwHZh7Ugo2yoqKN9WeS51S5C,pubkeyhash,200000054194
1AsgPtK6qG5M8bHxcgeVzot12gfKnUnPW9,pubkeyhash,200000038368
18LcEatDaWfihzXx23yKjn9ChQ5J4Sap9N,pubkeyhash,200000003194
14JWWAbAEQReeZ6jaAAh6aGj1muVsrF5kA,pubkeyhash,200000003194
18uCx457Bw6p3YY11LYQU9f1qcW75JjHBs,pubkeyhash,200000003194
1Sfr8bp2Kh3VahDqvXPXSf28JyLz47aQY,pubkeyhash,200000003194
1H11p98aXUcST28m8s6oG4nHqnGmeG2sBa,pubkeyhash,200000003194
1BUQyzywzkkFReNaCXnUiEPxCg5wC1gVw6,pubkeyhash,200000003194
12LVBPdxSJvoDfSzTBK9vAaGoTx8zUVynS,pubkeyhash,200000003194
1HD4r1LHiQmbx1Di25yWWBc8H3zpnMe2pU,pubkeyhash,200000003194
1HG1Ubg7wixXT4U2iWwonfLownstG6fG7W,pubkeyhash,200000003194
15G3BnanKhpqBYq98CRsHzkq1frPd6mdho,pubkeyhash,200000003194
1LybdU1Np9toGEznB1FcBJL45tRPhdcXid,pubkeyhash,200000003194
1FA3TANS1mYuggJsVfFjQ19VBTh36MHrNh,pubkeyhash,200000003194
1DQU6bvugeboEihyZwBf6aUjQK7a9K2WMf,pubkeyhash,200000003194
14jNu8EmWnCB6C75gsQd4noYdt5gxqmnzo,pubkeyhash,200000003194
17LbPDL1n96JubyDJFEPdhkpTrC6ueqVNk,pubkeyhash,200000003194
17ZZic5gakcW6TdzvoKeJDw6kdjzyCciKs,pubkeyhash,200000003194
1GzHXjJZ9XUfJ7SbbLBew8YBLkwWwj8Fnf,pubkeyhash,200000003194
1CqMbvPpLS8mWerAHiJSS9yasZaQ9bEsZf,pubkeyhash,200000002970
18pir6XZ9gyNbr6EAhgeofGF57hvW6Hswh,pubkeyhash,200000002746
18uhvVkyTwi1EwtpR8Ya3fF9vmxcS5ZCVS,pubkeyhash,200000002646
32t4tPWZ8aCMKaQDtAZ13dKD1Fc3sTWKCf,scripthash,200000001092
3N8QcwgT8hhwjFcZfBNUbdY5Reht3oL5Sb,scripthash,200000001092
3KJLnGCY5zvo2z6BU67MMFm3GifwC47rLA,scripthash,200000001092
33MaTW7qBKmw4JJT6t2cCSdERFJADRwi49,scripthash,200000000546
3JEcJ96UhT5dyCqZiEEUoUPQuc6dpx4uZM,scripthash,200000000546
37qpUn6vNhezAiNN5193jJu1Kiv2ZBT6qj,scripthash,200000000000
3QBA4Arg5jNN1xAP7MjSgxzMsgq4pEhNNJ,scripthash,200000000000
324ezXhZPcFR9WCPpZ52FM6UWKpD8YxJNY,scripthash,200000000000
1FBNk225WMvjWfTGuVQsFXhpBnuk9BMWgR,pubkeyhash,200000000000
37ZP1W5fMeHWNFSmqTLV3Zin91tYPzbpbf,scripthash,200000000000
34Si749yWh8uKXbGQ5NHHc5RuCtA7CJdoC,scripthash,200000000000
3MLQyiujdqBc8jusa8LjDAS31oqLkDtq2K,scripthash,200000000000
3FXLxsjdt1BicD6Pzm5JcYji6Lvdv5VLbQ,scripthash,200000000000
1EKDDt5o4JZsxySQQwRGVDHnYpigRemehj,pubkeyhash,200000000000
3KUoG9NjZP6AuxkAXAp5Y6JpdQzF6QGnD5,scripthash,200000000000
3HdieJJ1onnMEix7F3P5z2wFukogzj3mNJ,scripthash,199999999917
3CMAZC4n6aB9q8m8T5CyiK6X899DqqwDJ3,scripthash,199999987088
1ByTg4UG5TD9Pt84ww2GJupmkFNSg7WX9a,pubkeyhash,199999947194
16maYEFESxYegRrDrm8AzmhYtGdHwHnvnx,pubkeyhash,199999933871
3K1CfJsHwxFomCjPFavNEzq6F9bqnebfnB,scripthash,199999855035
39eZ1ziJD9KGMP6W6PA3kCNmqhsS6kPMjm,scripthash,199999790000
17RGPz52tiiD3tr3MJipXgKx6AyktLwNq,pubkeyhash,199999763045
1D44V9kX4U7bW89CDEKn7ULK6kzw4kk1zo,pubkeyhash,199999762712
13fJPN9VjhFET5zqznYNgcKRseaSeLDKEM,pubkeyhash,199999762712
1MvSdCvpo1dcGHmpH7xRhCZu1HP9MnXQtq,pubkeyhash,199999762712
13qyWcCTViKingMqv9U1WfMyagPTLHABtm,pubkeyhash,199999762712
177wWUnrvpTkAcvsiSBiJ3D7Ea9Amsaow2,pubkeyhash,199999762712
1DtoBowZtpgSGscrb6ed8TU5x5F45UPgX1,pubkeyhash,199999759346
1Q1BEQaw1T2mr7XrPBTBCi3ULp3Qnyiogw,pubkeyhash,199999759346
1LQfMWnZNhgR5V9hj2B6hKuXoeeTXmaJmn,pubkeyhash,199999759346
1HH3oqC6KUFDyW8nqPN8eNmX4nuPUck31C,pubkeyhash,199999759346
1NrPJfyKrHNf1s5og35efpecucDzar4b5N,pubkeyhash,199999758972
1AasWWcSdLza89Jhk97BigbwCWQjd5L3q7,pubkeyhash,199999758972
1C1BE5yWoxbP7ZTqRAst1M5iJeyAmtj5Fq,pubkeyhash,199999758972
1KCpD4HbeWvb1iKrMPoRWetSEyZ29pmWBr,pubkeyhash,199999758972
1AfkZSrB41e3FVSwpyNQE8vVpe7iCsso68,pubkeyhash,199999754110
1LeZvyfCB1xSJXySoKH87vPxNkUfRQCkpJ,pubkeyhash,199999754110
1PbgHRbqC1Nuc22bpU8WhW7ER3QjnSUMp3,pubkeyhash,199999752614
191omT8rXKc9Pt793YjKisB4S8vmEkxDKp,pubkeyhash,199999749622
1J79dCjY6LggMtSZCbq9RhGDdcvfnujF8i,pubkeyhash,199999720450
1G4aAgMmyuw6RafWRHsw8kThridXjcyP4e,pubkeyhash,199999720450
18M6csLQq68tgkBZRfaPJp42A67poYiHTf,pubkeyhash,199999710726
18cVjLDDWFRivJKiUWXLJ3iGWa7DQEQPR6,pubkeyhash,199999710726
1QE7NSWq89XTVam6p2cqB7jGGBTKpzQQba,pubkeyhash,199999710726
1upRWSCmwZyuM3r5TdQTWdLTCBC68sTvq,pubkeyhash,199999710546
3H9aX4qyfGjE48KkFMMLQKcd3Rym7H6nvC,scripthash,199999469044
1PBBjbwKvAn7afUDQcjNJjUfLFzLcUi9WB,pubkeyhash,199996499414
13YQkQGpeP5hvmsBtWtfjCiSLUbcFHhrhc,pubkeyhash,199994711474
33h9hvs38UQkjQXFWcw1NFj2rNf2hbPb1D,scripthash,199879894450
1MsXKazp8nm7peMfncQcqFHtaYKhpe7e2e,pubkeyhash,199799759346
1QAWMaLUxXThrU9rw3Q9zwmoGgVEnH57ho,pubkeyhash,199501000000
3PjeZe8J1WryT3gaG7GdP5gFhsZi3uBDWx,scripthash,199000003194
3NyRPXHpuDpLUQ2EHJCWymPnUmoeBZRmhs,scripthash,198892952407
12KkxkrPeSR9H1SnbKT2UPepLgarz3tGHp,pubkeyhash,198568353296
1GHDVSUKV5afuGDPn4y9gCDWg2JYxj4jK5,pubkeyhash,197999872119
124BPp9mTaXxTXiRx8cxEZDd4sGjoxGk9F,pubkeyhash,197861413026
1DTBF2ooVxKTni2McYwXujbNv6wRvjP9ms,pubkeyhash,196999919282
1ER3nEZFqXUkKw6AucHnmPxXnQQ8F6SJEG,pubkeyhash,196900134194
34tYVsjwrCMFPQYVUzQEtofBUfJkqfmUxN,scripthash,196794049629
1JQJnwnjRmSdybz8Tcv5pEmn3CqLGBXgNd,pubkeyhash,196500103194
3M219KR5vEneNb47ewrPfWyb5jQ2DjxRP6,scripthash,196399218214
38CiCDPSvkFfhacuwtGkW1BmuSvJftafnU,scripthash,195957751163
14CQ2jCrpsd1eSdC4zWsJZH9LvDr6GrCyo,pubkeyhash,195755104194
1B8BSSc25r2vXuMFy374zBTyyPtNYZEaaR,pubkeyhash,195579257709
39H2Cep1fNb9e3TEYoZ8nKYgWXrGfv24NK,scripthash,195500012312
1LVY5FG4knNDYhGGxutDf6Vh33SjEEAepC,pubkeyhash,194999819834
1FnQsPii4wfRQStF1yE634Eam3BuAbmP3f,pubkeyhash,194422943026
3ErLPRGNm3LUtySrh1LSah95PZPCYRRMz9,scripthash,193810218550
3KhMqRMh3cLJCqZPdvJMx55h7onRWaJdit,scripthash,193640589767
34RNKGRxT36AcHoC68JHQtdEPvLGzcDmHT,scripthash,193460000000
19rvEojniQQYqf4vGsvhPfiLMeYrag4gEe,pubkeyhash,192542440553
3BMEXMEvNLdpvoJLCHrCSJ8eiV4GRv76Tu,scripthash,192092500000
1EwmgRtYbucLreugWjyZeH8coSfmgh3t5s,pubkeyhash,191429700391
15H9kPoYYM6DLYxjGG9irXtgGcujppgn1w,pubkeyhash,191421778111
19GVZBCRgnQQXCd57seKimyX6w11PhEd6N,pubkeyhash,191052173194
1C4H9GDALbjDVnbfTt4a9ML1XbwzLS1rUC,pubkeyhash,190800214194
3CRjJyu1k6aGZMtMWpsbxUy4NLzBnxTrq2,scripthash,190314467079
3MpjtfSy7y68zvZ26vBfXP6QMWSQaUFJzY,scripthash,190041818293
187r9fqE5C9xkEwxR35i4EZT6cuzxLrUUZ,pubkeyhash,189999843531
1DrdkaDWaX1XLcSKnk3evK3Hwgc3eCqRPb,pubkeyhash,189055947104
1Ny6TcisB7F2Njjw8Jwi4x4yjsyRfLEQ15,pubkeyhash,188984149811
bc1qyy30guv6m5ez7ntj0ayr08u23w3k5s8vg3elmxdzlh8a3xskupyqn2lp5w,witness_v0_scripthash,188597081907
1JKNo8BKyeraMYj7yRGEbVTdJyoTgKianf,pubkeyhash,188555366185
3BMEXaw5X8EScdxZZJNLaM9ZHXAzfwZhDp,scripthash,188312645410
3BdxkiTBzT9YNDmNZ5qXyccNH9VLtUGvsK,scripthash,188248565488
19Wa69eDP1F6J2Segjsd8co7bVjdLFeL2n,pubkeyhash,187500003194
1PZYFvm9NP2MFfm8oXtvGhJoEhZEdtxjp9,pubkeyhash,187315945971
1FD8UUCPe9TeEiVg8mSggMv8PaFhEM42vz,pubkeyhash,187100010194
176n2wLZ2J1wrRbN6bFVYyJXjWN4H5Nuuz,pubkeyhash,187003000000
1NPh3FdQgfsofdYFHmiXwgCGvJ5USVgxmw,pubkeyhash,186699952334
1DJnQX6zmf9LA4H7LiHGdw84qeAgQ27oYr,pubkeyhash,186501172508
15HDbh92juxL9NRW4sm8wo3hmDoc32vWNM,pubkeyhash,186109803081
3C7HfijxMoenrtM3EprNszdSf7FfozNhtV,scripthash,186042490164
1DvukrMByV69fRovZFafXpNTiTZh4HfMtQ,pubkeyhash,183354585500
18tFSYdTqXeE2w7KJ4rg7jWHR2zxUica4b,pubkeyhash,182853066879
32c6vUPvtft9arg46H3KuBvSvjWxmu2CKT,scripthash,181615420000
3AskrcXoYcvhcMmHCvEiGnBvPKvbEwkeYY,scripthash,180539604575
1FdPpELnjHfwSM4Nvi7LdYS4S4GVGsLUQY,pubkeyhash,180400114194
1ctwnbd2GpxzNFZWyipXhPMWHM5pUB4Er,pubkeyhash,180342053525
1EnvshFhFCtJwwM47eQC7nwB6WyFkrmanp,pubkeyhash,180112442920
13HVZCHH6ndYPGYLtwdk7bH5Bv2wGzv2wK,pubkeyhash,180083247090
19XpgHQWZHLrrQNsiRiN4uNN6cXjoQ5fz3,pubkeyhash,180034588071
12gr1kbYQU2M81QBUQ5uAdwA9jKT6oDwx5,pubkeyhash,180000003194
1CorMW1runKXd5rtEfhfF9CrzDJWMDrJZR,pubkeyhash,180000003194
15vwE15F9Umu3aigWfFx7XKHQqVS6TyoZo,pubkeyhash,179999982675
1Ek9Jj3Z3Bnipe3DnMq2otXG5iNjze66VR,pubkeyhash,179924104194
33adDkrPs5kgGubVdZ8bCdA42oPyEUivVJ,scripthash,178299664168
1KZdzcStb3hEVC4CrnrCYBjaqCVCgYnSzY,pubkeyhash,177387341160
1Go1p98x7EpKmEFiYnr4qjX6PJyxdfweJV,pubkeyhash,176899962772
38YhnHjapUiB8JTES1zFPRa6g3c8yuUyZs,scripthash,176745888077
1DtFKiPdYD2U6XDZGtWK7q8JYVrDKBHBqE,pubkeyhash,176600104194
35yTKvxeFJrjGiBdWQBmzsyEkdDnguZ982,scripthash,176121534826
